y_true,y_prob
0,0.18878421739502785
1,0.1425
0,0.2
1,0.3475
1,0.1375
0,0.075
0,0.2493791426624543
0,0.0525
0,0.055
0,0.015
0,0.4275
1,0.2515053096466852
1,0.04
0,0.05725198584543812
0,0.4629176718034719
0,0.4
1,0.05
0,0.0275
0,0.3325
0,0.2
0,0.1375
0,0.0225
0,0.0425
1,0.2425
0,0.1575
0,0.245
1,0.0775
1,0.2675
0,0.0175
0,0.0125
0,0.045
1,0.2225
1,0.1875
0,0.415
0,0.415
0,0.1025
0,0.07
0,0.2275
0,0.425
0,0.3995487393066186
0,0.27923547808840915
0,0.07
0,0.0425
0,0.25954873930661865
0,0.1125
1,0.205
0,0.4675
0,0.405
1,0.37
0,0.2675
1,0.375
0,0.035
1,0.425
1,0.115
1,0.06
0,0.3525
0,0.0
0,0.3275
0,0.025
0,0.22204873930661861
0,0.0225
0,0.315
0,0.1775
0,0.0075
0,0.115
0,0.2475
1,0.4925
0,0.2215558987239029
0,0.05
0,0.0375
0,0.64
0,0.1025
0,0.20531646385615493
0,0.3
0,0.115
0,0.07
0,0.5125
0,0.1973290025933256
1,0.2821798997141534
1,0.0625
0,0.21048059296656785
0,0.0175
0,0.04
0,0.32672863902077204
0,0.0275
1,0.2275
0,0.0875
0,0.14673547808840917
0,0.185
0,0.045
0,0.2225
0,0.14173547808840917
0,0.125
1,0.075
0,0.3481027882599224
1,0.245
0,0.2975
0,0.1025
0,0.125
0,0.1025
0,0.09
0,0.0625
1,0.2425
0,0.0425
0,0.275
0,0.065
0,0.2975
0,0.1975
0,0.045
0,0.33
1,0.13
1,0.165
0,0.33423547808840914
1,0.08
0,0.15
0,0.15454873930661864
0,0.27
0,0.20486952078424225
0,0.0675
0,0.3975
0,0.0675
0,0.0375
0,0.2225
0,0.215
0,0.3042354780884092
0,0.19
0,0.0225
1,0.3675
0,0.44
0,0.25454873930661864
1,0.18405271099749487
1,0.3925
0,0.125
0,0.36
0,0.2675
0,0.055
1,0.105
0,0.1225
0,0.2875
1,0.115
0,0.295
0,0.3675
1,0.0975
1,0.2168791426624543
0,0.29423547808840916
0,0.3125
0,0.055
0,0.185
0,0.06
0,0.1675
0,0.1
0,0.145
0,0.125
1,0.235
0,0.06
0,0.105
0,0.335
0,0.025
0,0.09
0,0.13680072515205677
0,0.2925
0,0.17
0,0.0175
0,0.0325
0,0.0375
0,0.3625
0,0.105
0,0.42
1,0.2775
1,0.2625
0,0.2575
0,0.2825
0,0.05704873930661864
0,0.2275
0,0.04954873930661864
1,0.08884946445867542
1,0.12
0,0.4
0,0.0725
0,0.17
0,0.4675
0,0.3125
0,0.0475
0,0.22
1,0.1075
0,0.1
1,0.18134946445867542
0,0.08
0,0.245
1,0.08140594966801187
0,0.265
1,0.24454873930661866
0,0.1825
0,0.18
1,0.3375
0,0.405
0,0.0975
0,0.195
1,0.1448290025933256
0,0.26355404895330387
0,0.035
0,0.46
0,0.0775
0,0.1975
0,0.04423547808840917
1,0.0425
1,0.2025
0,0.0475
0,0.0825
0,0.3625
1,0.22225198584543812
0,0.37
0,0.05
1,0.45725198584543814
0,0.0475
1,0.04
0,0.035
1,0.0275
1,0.0325
0,0.145
0,0.325
0,0.4775
0,0.36
0,0.19
0,0.2125
0,0.4975
0,0.115
0,0.305
1,0.1075
0,0.13
0,0.095
0,0.2675
0,0.15
0,0.2725
1,0.27423547808840915
0,0.1575
1,0.2745487393066186
0,0.027048739306618642
0,0.1475
0,0.245
0,0.045
0,0.07
0,0.11
0,0.0325
1,0.5392354780884091
0,0.305
0,0.27487051548047675
0,0.0275
0,0.63
1,0.17
0,0.2347519858454381
1,0.3186462179198559
0,0.0225
0,0.195
1,0.085
1,0.2175
0,0.26
0,0.1225
1,0.2375
0,0.1325
0,0.055
0,0.0925
0,0.3613290446008704
1,0.175
0,0.235
0,0.235
0,0.1239874639338473
0,0.14173547808840917
0,0.0225
1,0.1175
0,0.1775
0,0.0925
0,0.15
0,0.495
0,0.0575
0,0.07704873930661864
0,0.0125
0,0.054097478613237285
0,0.3375
0,0.135
0,0.2325
0,0.1325
0,0.0375
0,0.36
0,0.4575
0,0.055
0,0.045
0,0.2525
0,0.2375
0,0.10430072515205677
0,0.0725
0,0.1475
0,0.035
0,0.3125
0,0.34
0,0.3
0,0.1275
0,0.18
0,0.1725
0,0.26
0,0.045
0,0.065
0,0.115
0,0.0775
0,0.055
0,0.1525
0,0.0925
1,0.155
1,0.07
1,0.0725
1,0.2575
1,0.1275
0,0.1875
0,0.22204873930661864
0,0.375
1,0.245
0,0.21
0,0.09
0,0.2335810304463085
0,0.0575
1,0.2925
0,0.0375
1,0.1425
1,0.3275
1,0.31
0,0.3830196954834369
0,0.2972519858454381
1,0.05
0,0.17
0,0.105
0,0.0625
0,0.09
0,0.2522519858454381
1,0.3525
0,0.2675
1,0.21
0,0.065
0,0.4025
1,0.0625
0,0.135
0,0.025
0,0.04
0,0.22
0,0.205
0,0.02
0,0.24289488136655252
0,0.14
0,0.1575
1,0.3225
0,0.08
0,0.1775
1,0.10180072515205676
0,0.255
0,0.195
0,0.125
0,0.17898746393384726
0,0.0375
0,0.1725
0,0.2775
1,0.4825
0,0.2275
0,0.7925
1,0.0325
0,0.28454873930661867
0,0.09875729549212332
0,0.1575
0,0.3923290025933256
0,0.02
1,0.24
0,0.12975198584543812
1,0.3075
0,0.3248290025933256
1,0.03
0,0.0775
0,0.1725
0,0.155
0,0.165
0,0.0825
0,0.12637483043092745
0,0.0325
1,0.3438290446008704
0,0.06704873930661864
0,0.42
0,0.0725
0,0.1925
1,0.1075
0,0.25
1,0.15475198584543814
0,0.2775
0,0.2125
0,0.3445487393066186
0,0.36
0,0.295
0,0.075
0,0.0525
0,0.105
0,0.05900530964668519
0,0.075
0,0.2775
1,0.1775
1,0.4513290446008704
0,0.2
0,0.06
0,0.1025
0,0.2947519858454381
0,0.1425
0,0.0775
0,0.04909747861323728
0,0.08605404895330385
0,0.1475
0,0.305
1,0.2425
0,0.1025
1,0.3475
0,0.145
1,0.5975
0,0.395
0,0.055
0,0.29
1,0.07409747861323729
1,0.175
0,0.31
0,0.2525
1,0.09
0,0.02
0,0.0475
1,0.405
0,0.075
0,0.0875
0,0.155
0,0.345
1,0.05
0,0.3275
0,0.065
0,0.1525
0,0.16
1,0.3212568845623986
1,0.0775
0,0.1025
0,0.3220487393066186
0,0.225
1,0.2825
1,0.17
0,0.18097095617681835
0,0.095
1,0.2549956823785313
0,0.0625
0,0.135
0,0.3275
0,0.405
0,0.095
0,0.19
0,0.06
0,0.235
0,0.1475
1,0.53
0,0.2875
1,0.0575
0,0.025
0,0.49204873930661863
1,0.2125
0,0.13
0,0.07
1,0.13
0,0.2101336818537032
0,0.005
0,0.02
0,0.1275
0,0.1598290025933256
1,0.29
0,0.155
0,0.0775
0,0.0175
0,0.075
0,0.0925
1,0.3822519858454381
0,0.035
0,0.1425
0,0.2425
0,0.235
0,0.2725
0,0.12
1,0.4175
0,0.4525
1,0.19923547808840916
0,0.3075
1,0.2175
0,0.0925
0,0.0575
0,0.1375
1,0.1325
0,0.0375
0,0.285
0,0.23187774189994426
0,0.085
0,0.0825
0,0.4775
0,0.055
0,0.065
0,0.04
0,0.18
1,0.4775
0,0.1
1,0.0475
0,0.06
0,0.4525
0,0.4025
0,0.2475
0,0.1075
0,0.245
0,0.205
0,0.22923547808840916
0,0.3725
0,0.1675
0,0.3775
0,0.3025
0,0.405
0,0.065
0,0.0775
0,0.12
0,0.14398746393384732
0,0.225
1,0.31117846705200103
0,0.285
0,0.3475
0,0.2225
1,0.18221879576101452
0,0.2175
0,0.2825
0,0.0925
0,0.1675
0,0.1375
1,0.445
0,0.1425
0,0.0875
0,0.02
0,0.045
0,0.11150530964668519
1,0.4975
0,0.0275
0,0.0925
1,0.3675
0,0.04423547808840917
0,0.16
0,0.27
1,0.345
0,0.36
0,0.1725
0,0.0925
0,0.16
0,0.1125
0,0.4075
0,0.21
0,0.08
1,0.2825
0,0.26169429930237487
0,0.2125
1,0.21
0,0.4075
0,0.015
0,0.105
0,0.39632904460087043
0,0.155
0,0.0275
1,0.3225
0,0.285
1,0.1723290025933256
0,0.23
0,0.30704873930661863
0,0.325
1,0.30954873930661864
0,0.37324078773509434
0,0.28
0,0.41
0,0.0925
1,0.3275
0,0.1675
0,0.0675
0,0.2825
0,0.39975198584543814
0,0.075
0,0.0425
0,0.1825
0,0.0475
1,0.055
1,0.0525
0,0.4475
0,0.1525
0,0.18150530964668518
0,0.1475
0,0.4225
0,0.1175
0,0.0625
0,0.02
0,0.13173547808840916
0,0.4125
0,0.21
0,0.235
0,0.3575
0,0.25
1,0.2425
0,0.2675
0,0.4590053096466852
0,0.075
0,0.17204873930661865
0,0.075
0,0.0875
0,0.15
0,0.15559391248752238
0,0.1725
1,0.4170487393066186
0,0.095
0,0.2237842173950278
1,0.3475
0,0.3225
0,0.1825
0,0.085
0,0.215
1,0.31
0,0.1025
0,0.1484766212756916
0,0.015
0,0.7066311285078924
0,0.01
1,0.14412972774538235
0,0.295
0,0.3125
0,0.0425
0,0.02
1,0.3475
0,0.1925
0,0.055
1,0.2075
0,0.1025
0,0.0475
0,0.14704873930661863
1,0.1975
0,0.05
0,0.0975
0,0.38
0,0.0725
1,0.3125
0,0.2075
0,0.20173547808840916
0,0.1125
0,0.215
1,0.1475
1,0.3775
1,0.3975
1,0.1975
0,0.125
0,0.195
0,0.045
0,0.0775
1,0.0725
0,0.0275
1,0.2
1,0.2825
1,0.2425
0,0.19204873930661862
0,0.0825
1,0.27
0,0.12
0,0.18423547808840915
1,0.255
0,0.0275
0,0.1225
0,0.04
0,0.115
0,0.2973526697676388
0,0.0575
0,0.2775
0,0.25
0,0.175
0,0.185
0,0.2525
0,0.1725
0,0.0175
0,0.3175
1,0.10982900259332559
0,0.065
0,0.1025
1,0.21
0,0.3345487393066186
0,0.065
0,0.435
0,0.0475
0,0.02
0,0.0725
0,0.205
0,0.0625
0,0.02
0,0.2875
0,0.23
0,0.3
0,0.03
0,0.045
0,0.06
0,0.17423547808840914
1,0.0525
0,0.3475
0,0.1875
1,0.1675
1,0.1525
0,0.1625
0,0.2225
0,0.0675
0,0.1997519858454381
0,0.175
0,0.4475
0,0.6575
1,0.24975198584543812
0,0.63
0,0.3825
1,0.145
0,0.03
0,0.2047519858454381
0,0.4225
0,0.085
0,0.1975
0,0.0175
0,0.195
0,0.085
0,0.2675
0,0.0625
0,0.1275
0,0.27
0,0.2375
0,0.115
0,0.3522799173561145
0,0.28
1,0.3025
0,0.1875
0,0.015
0,0.1875
1,0.5975
0,0.22
0,0.175
0,0.0875
0,0.05704873930661864
0,0.67
0,0.265
0,0.03
0,0.075
0,0.3345487393066186
1,0.27
0,0.3475
1,0.04
0,0.26
0,0.15454873930661864
0,0.1475
0,0.095
0,0.36
0,0.125
0,0.3425
0,0.0925
0,0.09
0,0.1125
0,0.0275
0,0.4425
1,0.1825
0,0.235
0,0.27
0,0.24423547808840915
0,0.1225
0,0.23923547808840914
0,0.0625
1,0.12704873930661864
0,0.2325
1,0.205
0,0.435
0,0.0725
1,0.5825
1,0.1475
0,0.035
0,0.0675
0,0.4525
0,0.1747519858454381
0,0.1925
0,0.22423547808840916
0,0.4325
0,0.22
1,0.295
0,0.0775
0,0.2325
0,0.2125
0,0.1825
0,0.015
0,0.11
0,0.1225
0,0.0575
1,0.2975
0,0.13
1,0.055
0,0.125
1,0.0925
0,0.14
1,0.2625
0,0.1725
1,0.205
0,0.1725
0,0.25204873930661864
0,0.3075
1,0.025
0,0.145
0,0.215
0,0.21
0,0.1275
0,0.2075
0,0.03
1,0.2690053096466852
1,0.315
0,0.03
0,0.06
1,0.195
0,0.3175
0,0.1225
0,0.14204873930661863
0,0.1075
0,0.0275
0,0.08
0,0.06
0,0.015
0,0.0875
0,0.095
0,0.1125
0,0.12
0,0.4764278819690729
0,0.3211784670520009
0,0.2175
1,0.18868973225958272
1,0.65
0,0.21454873930661866
0,0.6325
0,0.0375
0,0.175
0,0.245
0,0.0975
0,0.3595487393066186
0,0.3147519858454381
0,0.245
1,0.1613494644586754
1,0.055
0,0.27
0,0.0975
0,0.055
0,0.0575
0,0.1625
0,0.1975
0,0.2025
0,0.1025
0,0.2175
0,0.14
1,0.125
0,0.0
0,0.025
0,0.085
0,0.26
0,0.25
0,0.035
0,0.2175
1,0.17
0,0.2075
0,0.08
0,0.055
0,0.3575
0,0.0925
1,0.3025
0,0.3375
1,0.4464669993974795
0,0.1225
0,0.07
0,0.2047519858454381
1,0.2775
1,0.155
0,0.045
1,0.27
0,0.385
0,0.1175
0,0.1725
1,0.42423547808840917
0,0.17
0,0.1875
0,0.065
0,0.2575
0,0.12
0,0.1
0,0.025
1,0.095
0,0.11
0,0.3475
0,0.075
0,0.1875
0,0.1225
0,0.185
0,0.4625
0,0.065
0,0.125
0,0.3125
0,0.1225
0,0.3072519858454381
0,0.3995487393066186
0,0.0725
0,0.2975
0,0.19
0,0.13801061929337038
0,0.0740053096466852
0,0.285
0,0.0375
0,0.265
0,0.325
0,0.2025
1,0.4025
0,0.3219432548516961
0,0.015
0,0.38673547808840913
0,0.1
0,0.1125
0,0.23316195929497205
1,0.0325
0,0.26
0,0.12
0,0.045
0,0.305
0,0.38
1,0.02
1,0.1025
1,0.11573647011362567
0,0.06
0,0.33725198584543814
0,0.0425
0,0.3975
0,0.1848290025933256
0,0.3875
0,0.0275
0,0.3717354780884092
0,0.2075
0,0.02
0,0.045
0,0.1375
0,0.10475198584543811
0,0.175
0,0.1775
0,0.06
0,0.25954873930661865
0,0.5595487393066186
0,0.0275
0,0.265
0,0.135
0,0.345
0,0.05
0,0.3047519858454381
1,0.26
0,0.33
0,0.1725
0,0.5870487393066186
0,0.275
0,0.0975
0,0.3225
0,0.6220487393066186
0,0.0775
0,0.1925
0,0.1
0,0.0325
0,0.1575
0,0.0475
0,0.15454873930661864
1,0.14
0,0.2225
1,0.3154332264775215
0,0.27273117804949587
0,0.33667212449511696
0,0.4725
0,0.1875
0,0.09173547808840916
0,0.185
0,0.0725
0,0.24
0,0.085
1,0.185
0,0.255
1,0.2770487393066186
0,0.0875
0,0.1125
0,0.36
0,0.1525
0,0.02
0,0.27
0,0.2175
0,0.075
0,0.4825
0,0.391146217919856
1,0.1075
0,0.2475
0,0.145
0,0.0825
1,0.2525
0,0.1575
0,0.325
1,0.27
0,0.0975
0,0.025
0,0.0475
1,0.0525
1,0.1175
0,0.165
1,0.13
0,0.1825
1,0.1625
0,0.11954873930661863
0,0.63
0,0.0975
0,0.1425
1,0.2025
0,0.0475
1,0.0675
0,0.2325
1,0.03
1,0.07
1,0.2775
0,0.012048739306618641
0,0.115
0,0.7425
0,0.20923547808840914
0,0.2025
0,0.045
0,0.1993007251520568
0,0.145
0,0.26454873930661865
0,0.2125
0,0.0525
0,0.085
0,0.43
0,0.32
0,0.0425
1,0.155
0,0.3525
0,0.0225
0,0.1275
1,0.5022519858454381
1,0.075
0,0.1275
1,0.3775
0,0.0325
0,0.09708098843876371
0,0.23
0,0.045
0,0.6845487393066186
0,0.28
0,0.1037842173950278
0,0.1425
0,0.035
0,0.135
0,0.33
0,0.0225
1,0.245
0,0.21
0,0.08659747861323729
0,0.3375
0,0.1845017259384149
1,0.28
1,0.0925
0,0.2939874639338473
0,0.1575
0,0.1075
0,0.0175
1,0.1275
0,0.0525
0,0.3775
0,0.3
0,0.225
1,0.155
0,0.235
0,0.2725
0,0.09
0,0.2075
0,0.13637907185736325
0,0.2
1,0.165
0,0.195
0,0.1675
0,0.1425
0,0.245
0,0.2525
0,0.46
1,0.0875
0,0.1275
0,0.245
0,0.4575
0,0.4325
0,0.19673547808840916
0,0.59
0,0.3125
0,0.1325
1,0.24
0,0.5375
0,0.095
0,0.035
0,0.0325
0,0.1075
0,0.335
0,0.125
1,0.1
0,0.2475
0,0.1832286071211297
1,0.1425
1,0.1925
0,0.1675
0,0.2725
1,0.015
0,0.0175
0,0.3038290446008704
0,0.11
1,0.0475
1,0.2
0,0.2
0,0.41
0,0.13
1,0.085
1,0.03
0,0.0025
1,0.47423547808840916
0,0.08204873930661866
1,0.2125
1,0.465
0,0.16
0,0.23156448068173474
0,0.2575
0,0.3525
0,0.15423547808840918
0,0.16930072515205674
1,0.4509709561768183
1,0.4745487393066186
0,0.0625
0,0.0325
1,0.23
0,0.2875
0,0.07
0,0.185
0,0.1125
0,0.105
0,0.1425
0,0.1975
1,0.25
0,0.28187774189994425
0,0.1825
0,0.255
0,0.0375
0,0.09
0,0.04
0,0.155
0,0.20459025219376975
0,0.3375
0,0.3622519858454381
0,0.34
0,0.1275
0,0.0125
0,0.075
0,0.02
0,0.1025
0,0.07
0,0.1775
0,0.1447519858454381
0,0.05
0,0.0825
1,0.04
0,0.0525
1,0.3175
0,0.0075
1,0.2625
0,0.165
0,0.1575
0,0.065
0,0.15085343614955163
0,0.09
1,0.175
0,0.30898746393384724
0,0.065
0,0.12423547808840917
0,0.1025
0,0.53
0,0.2325
1,0.065
0,0.2875
0,0.2525
0,0.15975198584543812
1,0.0425
0,0.1925
0,0.1875
1,0.1475
0,0.03
0,0.135
0,0.27
0,0.03
0,0.1775
0,0.3475
0,0.2525
0,0.0525
0,0.3625
0,0.2275
0,0.1770487393066186
0,0.1525
0,0.475
0,0.08
0,0.36
1,0.0575
1,0.2125
0,0.2223290025933256
0,0.0775
0,0.2725
0,0.2425
0,0.3
0,0.295
1,0.095
1,0.555
0,0.295
0,0.2375
1,0.285
0,0.1375
1,0.1475
0,0.095
1,0.195
0,0.4815974786132373
1,0.27937914266245434
0,0.2970487393066186
0,0.6
0,0.4170487393066186
0,0.0525
0,0.1425
1,0.27
1,0.1725
0,0.11909747861323729
1,0.035
1,0.3925
0,0.0125
0,0.2725
0,0.1025
0,0.20628421739502784
0,0.155
0,0.20642788196907297
0,0.1175
1,0.3075
1,0.2225
0,0.46
0,0.035
0,0.2975
1,0.19475198584543812
1,0.385
0,0.02
1,0.3875
0,0.4975
0,0.265
0,0.2075
0,0.1
0,0.23204873930661865
0,0.265
0,0.135
0,0.23952926946648534
0,0.195
0,0.1275
0,0.0925
0,0.345
0,0.2175
0,0.02
0,0.2375
1,0.03
0,0.1175
0,0.32423547808840913
0,0.0725
1,0.3925
0,0.23704873930661866
0,0.18
0,0.25
0,0.3248290025933256
0,0.2475
1,0.3425
0,0.4425
0,0.1175
1,0.25923547808840913
0,0.21
0,0.125
0,0.14
0,0.39
0,0.0725
0,0.24
1,0.1275
0,0.44
0,0.22
1,0.0625
0,0.3225
0,0.0975
0,0.3575
0,0.06
0,0.1225
0,0.35673547808840916
0,0.285
0,0.0325
1,0.2630849425470846
0,0.21204873930661866
0,0.1565053096466852
0,0.05
0,0.0675
1,0.5475
0,0.26
0,0.044548739306618644
0,0.0925
1,0.21083295670164645
1,0.4475
0,0.0925
1,0.1875
0,0.4425
0,0.08954873930661865
0,0.4625
0,0.1975
0,0.09954873930661864
0,0.27
0,0.1325
0,0.105
0,0.435
0,0.0225
0,0.18
0,0.0575
0,0.1325
0,0.37454873930661864
0,0.305
0,0.145
1,0.3797519858454381
0,0.26
0,0.14225198584543813
0,0.1575
1,0.675
0,0.03923547808840917
1,0.045
0,0.0125
0,0.035
1,0.28
0,0.15
1,0.6342354780884092
1,0.3473290025933256
0,0.1025
0,0.2575
0,0.0325
1,0.05
0,0.4
0,0.0875
0,0.2675
1,0.2405849425470846
1,0.16
1,0.3675
0,0.0875
0,0.0725
1,0.165
0,0.105
0,0.18423547808840915
0,0.0825
0,0.3975
0,0.28
0,0.1275
0,0.195
0,0.0225
0,0.39
0,0.0525
0,0.3375
0,0.15923547808840918
0,0.0775
0,0.04
0,0.6545039716908763
0,0.12
0,0.19
0,0.2425
0,0.1425
0,0.175
0,0.07
0,0.21454873930661866
0,0.19
0,0.1375
1,0.4825
1,0.1375
0,0.125
0,0.435
0,0.2375
1,0.0925
1,0.2775
1,0.2575
0,0.0125
1,0.135
0,0.245
0,0.0675
0,0.0675
0,0.03
0,0.18
1,0.055
0,0.255
0,0.3625
0,0.1525
0,0.23952601473789412
0,0.225
0,0.28
0,0.5175
0,0.17761993039754867
1,0.3260362032404659
0,0.28
0,0.1875
1,0.35
0,0.0925
0,0.43
0,0.2025
0,0.18
0,0.26
1,0.4075
0,0.07225198584543813
0,0.1725
0,0.135
0,0.14923547808840917
0,0.2075
0,0.1875
0,0.03
0,0.22
0,0.1075
1,0.385
0,0.315
0,0.2975
0,0.1822519858454381
0,0.28704873930661867
0,0.25
0,0.12673547808840918
0,0.1125
0,0.0925
0,0.095
0,0.2625
0,0.22
0,0.2175
0,0.2275
0,0.14
0,0.1625
1,0.195
1,0.5
1,0.01
0,0.09
0,0.18
0,0.1925
0,0.6225
0,0.0475
1,0.1725
0,0.0625
0,0.5325
1,0.55
0,0.2275
0,0.4175
0,0.0275
1,0.0975
0,0.5
0,0.31
0,0.175
0,0.0475
0,0.19687914266245432
1,0.0825
0,0.02
0,0.052048739306618644
0,0.0175
0,0.3175
0,0.14
1,0.0375
0,0.11
1,0.28
0,0.1725
1,0.4825
0,0.0675
0,0.1675
0,0.17
0,0.0325
0,0.165
0,0.19
0,0.19
0,0.41
1,0.23204873930661865
0,0.49
0,0.025
0,0.5375
1,0.28
0,0.07
0,0.065
0,0.07475198584543813
0,0.2825
0,0.475
0,0.425
1,0.07071610295461933
0,0.01
0,0.075
0,0.10909747861323726
0,0.0525
0,0.0325
1,0.0425
0,0.0825
0,0.07
0,0.19319538582484191
0,0.2525
0,0.3125
0,0.055
0,0.0875
0,0.2375
0,0.32
0,0.0625
0,0.3025
0,0.225
1,0.63
0,0.1025
0,0.4925
0,0.205
0,0.0425
0,0.25
0,0.255
0,0.0575
0,0.27721209614749986
0,0.035
0,0.0475
0,0.3375
0,0.175
0,0.26128421739502783
0,0.22448450185074292
0,0.015
0,0.0125
1,0.0775
0,0.3325
1,0.2425
0,0.1
1,0.055
0,0.3425
0,0.1940053096466852
1,0.2975
0,0.1940053096466852
0,0.085
0,0.21673547808840915
1,0.16
0,0.37204873930661864
0,0.19673547808840916
0,0.17204873930661863
0,0.025
0,0.1037842173950278
1,0.1675
0,0.14
0,0.325
1,0.1175
0,0.08
0,0.25339820376529404
0,0.515
0,0.25
1,0.455
0,0.1125
0,0.0225
0,0.07454873930661864
0,0.2725
0,0.185
0,0.115
0,0.105
0,0.1795487393066186
0,0.12
0,0.13225198584543812
0,0.1995809884387637
0,0.18
1,0.5375
1,0.2075
0,0.215
0,0.245
0,0.2275
1,0.2951336818537032
0,0.33
0,0.435
0,0.25
0,0.245
0,0.3358329567016465
0,0.2425
0,0.0675
0,0.06
0,0.5825
0,0.1725
0,0.36
0,0.01
1,0.32
0,0.4075
0,0.2375
0,0.03
0,0.0475
0,0.1925
0,0.2225
0,0.0575
0,0.1075
0,0.3692354780884092
0,0.0525
0,0.07
0,0.5225
0,0.1925
1,0.39
0,0.34
1,0.1825
0,0.0225
0,0.0575
0,0.0675
0,0.25923547808840913
1,0.3125
0,0.15
0,0.0475
1,0.27
0,0.15225198584543811
0,0.1875
0,0.055
0,0.0325
0,0.3135554845775772
1,0.35
0,0.2225
0,0.1725
0,0.3775
0,0.125
0,0.2049422645892238
0,0.3995487393066186
0,0.25
1,0.0525
0,0.05423547808840917
0,0.0825
0,0.0475
0,0.225
0,0.02
0,0.035
0,0.18
0,0.2425
1,0.0825
1,0.315
1,0.4272519858454381
1,0.2025
1,0.4575
0,0.1475
1,0.18
0,0.1875
0,0.19725198584543813
1,0.23
1,0.0775
0,0.24900530964668519
0,0.2425
0,0.1765053096466852
0,0.095
1,0.45
0,0.1325
0,0.1825
0,0.155
0,0.235
0,0.095
0,0.26454873930661865
0,0.2387842173950278
0,0.2125
0,0.0575
0,0.0525
0,0.45975198584543814
0,0.235
1,0.355
0,0.0425
0,0.255
1,0.04
0,0.0575
0,0.0025
0,0.59
1,0.18
1,0.1625
1,0.2325
0,0.025
1,0.2075
1,0.39
1,0.1625
1,0.1690053096466852
0,0.29616095961947847
0,0.12
1,0.1075
0,0.1113343122400108
0,0.04
0,0.0725
1,0.3175
1,0.11
0,0.0775
1,0.3925
0,0.0225
0,0.06
1,0.1075
1,0.135
0,0.1575
0,0.2225
0,0.09
0,0.07954873930661864
0,0.2525
0,0.145
1,0.185
0,0.1414874639338473
0,0.2175
0,0.3547519858454381
0,0.2675
1,0.185
1,0.23
0,0.175
0,0.04409747861323728
0,0.3375
0,0.035
0,0.175
0,0.075
0,0.315
0,0.1375
0,0.13
0,0.09
1,0.3075
1,0.1375
0,0.115
1,0.3
1,0.2075
1,0.285
0,0.275
0,0.1125
1,0.3318777418999443
1,0.35
0,0.405
1,0.6475
0,0.09
0,0.04
0,0.1125
0,0.225
0,0.4875
1,0.265
0,0.0425
1,0.2225
0,0.245
0,0.3475
0,0.0425
0,0.1475
0,0.315
0,0.145
0,0.035
0,0.0575
0,0.11142788196907295
0,0.16200397169087621
1,0.365
0,0.09
0,0.0925
0,0.0475
0,0.0375
0,0.39
0,0.385
0,0.09
0,0.0725
0,0.22
0,0.1590053096466852
0,0.2025
0,0.2275
0,0.1425
0,0.34
0,0.3570487393066186
0,0.38
0,0.04
0,0.1575
0,0.27923547808840915
0,0.1625
0,0.029432466484519883
0,0.14
0,0.27
1,0.1625
0,0.09
0,0.33
0,0.4865974786132372
0,0.015
0,0.345
0,0.19
1,0.0725
1,0.2175
0,0.0375
0,0.15
1,0.3072519858454381
0,0.1225
0,0.1225
0,0.09173547808840916
0,0.205
1,0.3445039716908762
0,0.17
0,0.1625
0,0.25204873930661864
1,0.04
1,0.15
0,0.0275
0,0.06
0,0.255
0,0.085
0,0.375
0,0.4347519858454381
0,0.025
0,0.01
0,0.2325
0,0.20423547808840914
1,0.365
0,0.2725
0,0.1836132199883534
0,0.32073847156620133
0,0.0225
0,0.16
0,0.5975
0,0.03
0,0.165
0,0.115
0,0.1675
0,0.0575
0,0.15
0,0.0325
0,0.1065053096466852
1,0.2525
0,0.3075
0,0.02
0,0.1125
0,0.355
0,0.0725
0,0.1575
0,0.22
0,0.37
0,0.16923547808840916
0,0.1175
0,0.0875
0,0.105
0,0.27
1,0.4675
0,0.2445487393066186
0,0.265
0,0.0925
0,0.1925
0,0.0525
1,0.1325
0,0.3475
0,0.1025
0,0.12060278825992247
0,0.08475198584543814
0,0.39
0,0.1525
0,0.48954873930661863
0,0.205
0,0.405
0,0.13
0,0.06954873930661865
0,0.1525
0,0.065
0,0.23392788196907296
0,0.02
0,0.0425
0,0.035
0,0.12725198584543812
0,0.145
0,0.1775
0,0.15
0,0.045
1,0.4097519858454381
0,0.145
0,0.2675
0,0.3075
0,0.265
0,0.11
0,0.2
1,0.1675
0,0.0740053096466852
1,0.1675
1,0.19954873930661865
0,0.295
0,0.0825
0,0.11704873930661865
0,0.17
0,0.0375
0,0.05
0,0.3125
1,0.17
0,0.1575
1,0.295
1,0.235
0,0.2675
1,0.205
0,0.09954873930661864
0,0.2225
1,0.135
0,0.0675
0,0.015
0,0.11
1,0.3525
0,0.22475198584543812
1,0.425
0,0.315
0,0.1375
0,0.0325
0,0.3625
0,0.31874438039588815
0,0.175
0,0.0075
0,0.23704873930661863
0,0.02
0,0.1
0,0.025
0,0.431959772978012
0,0.2575
0,0.1825
0,0.01
1,0.08
0,0.0525
0,0.2886132199883534
0,0.42954873930661863
0,0.0625
0,0.1725
0,0.23923547808840914
0,0.07
0,0.2275
0,0.1925
1,0.145
0,0.275
0,0.2625
0,0.15704873930661864
0,0.08454873930661863
1,0.3725
1,0.1795487393066186
0,0.0375
0,0.0275
0,0.22
0,0.4368777418999442
1,0.5747519858454381
1,0.18204873930661866
0,0.1125
0,0.115
0,0.23
0,0.005
0,0.155
1,0.065
0,0.035
0,0.0825
0,0.04
0,0.14
1,0.1025
0,0.3475
0,0.265
0,0.31
0,0.13
0,0.3875
0,0.01
0,0.3220487393066186
0,0.055
1,0.3
1,0.19097095617681834
0,0.225
0,0.5775
0,0.4175
0,0.0925
1,0.0975
0,0.25454873930661864
0,0.055
0,0.1475
1,0.185
0,0.3225
0,0.12
0,0.04
0,0.1015053096466852
0,0.0275
0,0.1925
0,0.21
1,0.405
1,0.11324078773509436
0,0.17398746393384726
0,0.505
1,0.3225
0,0.6075
0,0.3025
0,0.1925
0,0.305
1,0.34
0,0.1875
0,0.2375
1,0.355
0,0.0275
0,0.2925
0,0.19225198584543812
0,0.0625
0,0.04
0,0.25
0,0.2575
1,0.28454873930661867
0,0.3575
0,0.2025
0,0.08
0,0.2765053096466852
0,0.07650530964668519
0,0.255
0,0.3022519858454381
0,0.1925
0,0.06
0,0.115
0,0.1175
0,0.305
0,0.1275
0,0.2125
0,0.335
0,0.2925
0,0.2275
0,0.2525
0,0.0925
0,0.0375
0,0.045
0,0.0425
0,0.025
0,0.3175
0,0.1675
0,0.025
1,0.12
0,0.0775
0,0.28
1,0.0825
1,0.045
0,0.255
0,0.3075
0,0.09
0,0.21
0,0.045
0,0.25
1,0.085
0,0.145
1,0.15954873930661864
0,0.19
0,0.15172863902077205
0,0.055
0,0.2425
0,0.185
1,0.055
0,0.345
0,0.4375
0,0.24930072515205676
0,0.575
0,0.0375
0,0.4625
1,0.535
0,0.065
0,0.0575
0,0.15134946445867542
0,0.06
0,0.3125
0,0.07
0,0.3
0,0.32967989971415335
1,0.0475
1,0.2925
0,0.115
1,0.135
0,0.0525
0,0.26225198584543813
0,0.11725198584543811
0,0.275
0,0.1825
0,0.2025
0,0.0475
0,0.0175
0,0.2975
0,0.09
0,0.0425
1,0.2575
0,0.265
0,0.4075
0,0.08673547808840917
0,0.27159747861323724
0,0.29
0,0.2225
1,0.0975
1,0.1675
0,0.0475
0,0.0575
1,0.1125
0,0.105
0,0.34
0,0.105
0,0.09
0,0.0375
0,0.075
0,0.08204873930661866
1,0.1012842173950278
1,0.125
1,0.33
1,0.195
1,0.24656448068173475
1,0.14680072515205678
0,0.03709025219376977
1,0.0875
0,0.075
1,0.275
0,0.13
0,0.3175
0,0.055
0,0.135
0,0.1825
0,0.265
0,0.155
0,0.135
1,0.4375
1,0.125
0,0.21364621791985594
0,0.09996268444702881
0,0.15
1,0.115
0,0.115
0,0.4575
1,0.1025
0,0.0425
0,0.25
0,0.0825
1,0.02
0,0.04
0,0.1825
0,0.16673547808840916
0,0.33316336005748215
1,0.41
0,0.18488836119331464
0,0.3325
0,0.1775
1,0.2825
1,0.14
0,0.06
0,0.215
0,0.26
0,0.41
0,0.0775
0,0.055
0,0.03
0,0.2947519858454381
0,0.3275
0,0.25
0,0.0525
1,0.2075
0,0.195
0,0.295
0,0.185
0,0.0425
0,0.4
1,0.2425
0,0.2525
1,0.37236952078424224
0,0.2925
0,0.06975198584543812
0,0.0875
1,0.0125
0,0.0125
0,0.2925
0,0.04
0,0.145
0,0.2575
1,0.23
0,0.0963343122400108
1,0.2675
0,0.10333295670164645
0,0.4198290025933256
0,0.1275
0,0.47
0,0.07
0,0.13204873930661865
0,0.24
1,0.05
0,0.1075
0,0.045
1,0.0775
1,0.1075
1,0.465
1,0.1075
1,0.0725
0,0.1125
0,0.0525
0,0.075
0,0.08
0,0.215
0,0.0775
0,0.0175
0,0.1675
0,0.12
0,0.26
0,0.2375
0,0.045
0,0.1575
0,0.235
0,0.1725
0,0.03
0,0.495
1,0.015
0,0.2925
0,0.2225
0,0.355
0,0.09
0,0.3075
0,0.08
1,0.1975
0,0.035
0,0.02
0,0.1125
0,0.58
0,0.1975
0,0.34
1,0.5970487393066186
1,0.545
0,0.0575
0,0.11
1,0.04650530964668519
0,0.3646798997141534
0,0.3125
0,0.5425
0,0.35708098843876374
0,0.06204873930661864
0,0.3675
1,0.0425
1,0.2411462179198559
0,0.065
0,0.20411222031285983
1,0.3325
0,0.1625
1,0.2775
0,0.1125
0,0.1025
0,0.04
0,0.0675
0,0.0225
0,0.245
0,0.1975
0,0.2025
0,0.1325
0,0.015
1,0.21236952078424223
0,0.1325
0,0.1975
0,0.5825
0,0.325
0,0.3475
0,0.315
0,0.4225
0,0.4075
0,0.045
0,0.07541394514041017
0,0.135
0,0.175
1,0.2140974786132373
0,0.2575
0,0.0475
1,0.4218052603558693
0,0.0225
1,0.17
0,0.0975
1,0.30187774189994426
0,0.1825
1,0.535
0,0.105
0,0.1025
0,0.26975198584543814
0,0.1475
0,0.16
0,0.18
0,0.09
1,0.06704873930661864
1,0.4570487393066186
0,0.04
1,0.1775
0,0.1625
0,0.0825
0,0.085
1,0.2175
0,0.0825
0,0.0975
1,0.2625
1,0.025
0,0.2375
0,0.1675
0,0.08704873930661865
0,0.0225
1,0.36
0,0.1225
0,0.0675
0,0.1525
0,0.0175
0,0.1375
0,0.0475
0,0.1675
0,0.2025
0,0.325
0,0.1425
0,0.3075
0,0.335
0,0.1875
0,0.2538290446008704
0,0.1475
0,0.12704873930661864
0,0.04
0,0.2
0,0.1925
0,0.095
1,0.2775
0,0.45
0,0.2075
0,0.03
0,0.02
0,0.68
0,0.135
0,0.0625
1,0.1975
0,0.2825
1,0.2325
0,0.2275
1,0.2540974786132373
0,0.22173547808840915
0,0.1475
0,0.4225
1,0.3067354780884092
0,0.3025
0,0.0025
0,0.3375
1,0.4311462179198559
0,0.51
0,0.2925
0,0.0875
0,0.2425
0,0.4225
0,0.12
1,0.21
0,0.135
0,0.1625
0,0.3125
1,0.045
1,0.0175
0,0.0525
0,0.085
0,0.3993007251520567
0,0.19482900259332558
0,0.15204873930661866
0,0.2075
0,0.34923547808840916
0,0.2875
1,0.2025
0,0.35173547808840916
0,0.1625
0,0.2825
1,0.235
1,0.215
1,0.095
0,0.2475
0,0.045
1,0.1725
1,0.175
1,0.0625
0,0.3
0,0.07
1,0.38
0,0.05650530964668519
0,0.2125
1,0.02
0,0.0725
0,0.18
0,0.0925
0,0.325
1,0.205
0,0.295
0,0.2025
0,0.0425
0,0.225
0,0.16
0,0.235
0,0.0525
0,0.08
1,0.06
1,0.135
1,0.06
0,0.2625
0,0.3475
0,0.1475
0,0.015
0,0.08180072515205676
0,0.2575
0,0.3175
0,0.0925
0,0.4175
0,0.1
0,0.015
0,0.2625
0,0.2575
0,0.3175
0,0.06
0,0.25
0,0.275
0,0.0725
0,0.0825
0,0.3848290025933256
0,0.4375
1,0.1075
0,0.45
0,0.185
0,0.3725
0,0.4225
0,0.0875
1,0.225
0,0.63
0,0.2675
0,0.205
0,0.3975
0,0.2836462179198559
0,0.285
0,0.1925
0,0.1025
0,0.2025
0,0.105
1,0.03
0,0.245
0,0.055
1,0.245
0,0.1275
0,0.03
0,0.02
0,0.195
0,0.0875
0,0.06
1,0.3373290025933256
0,0.12
0,0.1775
0,0.3225
0,0.01
0,0.2475
0,0.0225
0,0.2875
0,0.195
0,0.36
0,0.17
1,0.2725
0,0.26
0,0.3970487393066186
0,0.095
0,0.0525
0,0.11661222031285984
0,0.2375
0,0.3775
0,0.405
0,0.0175
0,0.22347095617681834
0,0.1775
1,0.52
1,0.155
0,0.18704873930661864
0,0.6084121930320506
0,0.145
0,0.225
0,0.3725
0,0.185
0,0.01
0,0.175
0,0.045
0,0.095
0,0.075
0,0.18954873930661864
0,0.2825
1,0.3725
0,0.15
0,0.20454873930661865
0,0.23
0,0.2775
0,0.1775
0,0.315
0,0.0475
1,0.19
0,0.12
0,0.05
1,0.4175
1,0.335
1,0.3375
0,0.03
0,0.295
0,0.0575
0,0.1225
0,0.075
0,0.0225
0,0.07
0,0.0525
0,0.1275
0,0.14
0,0.0275
0,0.2825
0,0.135
0,0.17
1,0.31
0,0.24
0,0.3445487393066186
0,0.1525
0,0.09
0,0.10225198584543811
0,0.1175
1,0.1775
0,0.0675
0,0.2925
0,0.14
0,0.0125
0,0.095
0,0.1575
0,0.3959709561768183
0,0.2875
1,0.44
0,0.1903547741053606
0,0.5215279139281209
1,0.1675
0,0.075
0,0.0575
1,0.0825
0,0.0425
1,0.4875
0,0.235
0,0.0875
0,0.1075
1,0.4375
0,0.3197519858454381
0,0.0975
0,0.3075
1,0.15
0,0.11
1,0.09
0,0.1225
1,0.6375
0,0.2995487393066186
1,0.1
0,0.06
1,0.155
1,0.13
0,0.27
1,0.025
0,0.05
1,0.2325
0,0.4425
0,0.28
0,0.2825
0,0.1575
0,0.14218712676439652
0,0.135
1,0.031036203240465934
0,0.2025
0,0.0575
0,0.03
0,0.245
0,0.1673290025933256
0,0.1425
0,0.035
0,0.1375
0,0.4275
0,0.065
0,0.16923547808840916
0,0.0875
0,0.055
1,0.2
0,0.12
0,0.2425
0,0.445
0,0.265
0,0.35923547808840917
0,0.3470487393066186
0,0.12
0,0.03
0,0.1075
0,0.185
0,0.54
1,0.2275
0,0.3475
0,0.025
0,0.4
0,0.075
1,0.185
0,0.135
0,0.2375
1,0.465
0,0.0475
1,0.1725
0,0.09
0,0.0525
1,0.3425
0,0.325
1,0.3175
1,0.2032881890859041
0,0.14454873930661863
1,0.4025
0,0.04
0,0.0925
0,0.15
0,0.4525
0,0.2961462179198559
0,0.055
0,0.135
0,0.0275
0,0.2295809884387637
0,0.155
0,0.1575
0,0.1
0,0.2825
0,0.2522519858454381
0,0.0175
0,0.1625
1,0.15
0,0.0575
1,0.1875
1,0.075
1,0.4
0,0.1525
0,0.295
0,0.1875
0,0.455
1,0.1795487393066186
0,0.03
0,0.075
0,0.059548739306618644
0,0.3423290025933256
0,0.415
0,0.075
0,0.0125
1,0.0675
0,0.45
0,0.3425
0,0.0
0,0.2325
0,0.1175
0,0.565
0,0.1
0,0.2875
0,0.27
0,0.12454873930661865
0,0.2175
0,0.0325
0,0.12
0,0.215
1,0.2
0,0.31454873930661864
0,0.3
0,0.2725
1,0.2175
0,0.2775
1,0.06355404895330383
0,0.29
0,0.04
0,0.065
0,0.11
0,0.38
0,0.2275
1,0.2839874639338473
0,0.125
1,0.1225
0,0.005
0,0.01
1,0.1025
0,0.055
0,0.0425
0,0.08
1,0.0425
0,0.0625
0,0.1625
0,0.04
0,0.075
0,0.0975
0,0.2
0,0.1525
0,0.07
0,0.2525
0,0.09
0,0.2625
0,0.19
0,0.3525
0,0.06
0,0.11
0,0.2275
0,0.17
0,0.2
0,0.0375
0,0.3075
0,0.135
0,0.16
0,0.04
0,0.2415974786132373
0,0.5275
0,0.05
0,0.0825
0,0.065
0,0.225
1,0.0875
0,0.23704873930661866
0,0.0375
0,0.0325
0,0.285
0,0.1675
0,0.12
0,0.05
1,0.105
1,0.4975
0,0.03
0,0.155
1,0.2625
0,0.0325
0,0.04648746393384729
1,0.2075
0,0.2525
1,0.3525
0,0.1475
0,0.035
0,0.03
0,0.56
0,0.07
0,0.355
0,0.15
0,0.21
0,0.06
1,0.235
0,0.385
0,0.1965053096466852
0,0.0275
1,0.2323290025933256
0,0.0875
0,0.145
1,0.2275
0,0.24
0,0.0175
1,0.1175
0,0.1
0,0.1275
0,0.38486952078424225
0,0.0825
0,0.0175
1,0.1025
1,0.1125
0,0.5275
0,0.12423547808840917
0,0.0175
0,0.1625
1,0.2575
0,0.1425
0,0.22454873930661864
0,0.04801061929337038
0,0.165
0,0.095
0,0.095
0,0.3625
0,0.2823290025933256
0,0.155
0,0.40930072515205673
0,0.0325
0,0.0725
0,0.195
0,0.1675
0,0.225
0,0.13
0,0.165
0,0.295
0,0.475
0,0.2547519858454381
1,0.4325
0,0.2175
0,0.1275
0,0.1525
0,0.235
1,0.2475
0,0.355
0,0.1725
0,0.18923547808840915
1,0.0825
0,0.0425
0,0.17704873930661866
0,0.0375
0,0.32173547808840913
0,0.273927881969073
0,0.09
0,0.3125
0,0.04975198584543812
0,0.1175
0,0.0775
0,0.05
0,0.3025
0,0.145
0,0.05
1,0.235
1,0.14180072515205677
0,0.2125
0,0.255
0,0.02
0,0.025
0,0.3975
0,0.2275
1,0.175
0,0.09
1,0.27954873930661867
1,0.26
0,0.78
0,0.0225
0,0.0175
0,0.285
0,0.2975
0,0.025
0,0.0075
0,0.02
0,0.155
1,0.2
0,0.05
0,0.355
0,0.0775
0,0.025
0,0.0175
0,0.1325
0,0.04
0,0.1325
0,0.17
1,0.335
0,0.0625
1,0.5
0,0.14
0,0.1875
0,0.3575
0,0.5092354780884092
0,0.2775
1,0.2425
0,0.065
0,0.225
0,0.1375
0,0.3725
1,0.2973290025933256
0,0.515
0,0.26
0,0.0225
0,0.5775
0,0.11
0,0.2775
1,0.1125
1,0.35
0,0.1225
0,0.1725
0,0.0425
0,0.14
1,0.275
0,0.055
0,0.09
0,0.1725
0,0.0875
0,0.145
1,0.17
0,0.1275
0,0.4513290446008704
1,0.1925
0,0.25
0,0.3075
0,0.215
1,0.19
0,0.1175
0,0.0175
1,0.0625
0,0.5275
0,0.0825
0,0.155
1,0.0275
0,0.2575
1,0.26
0,0.1275
0,0.1625
0,0.06
0,0.03
0,0.0625
0,0.0875
0,0.11
0,0.54
1,0.0025
1,0.5025
0,0.19
1,0.1825
0,0.1925
1,0.09
0,0.19609152132772745
0,0.6525
0,0.5
1,0.1275
0,0.075
0,0.1225
0,0.125
0,0.325
1,0.1775
0,0.0875
0,0.14
0,0.0275
0,0.3025
1,0.26
0,0.06
0,0.375
0,0.3
0,0.535
0,0.065
0,0.1625
0,0.0125
1,0.2575
0,0.2675
0,0.054300725152056764
1,0.23454873930661865
0,0.0725
0,0.17
0,0.105
0,0.135
0,0.2025
0,0.05
1,0.2625
0,0.37
0,0.2325
0,0.2225
0,0.3
0,0.23
0,0.13
0,0.1225
0,0.0225
0,0.0175
1,0.225
0,0.1725
0,0.1025
0,0.165
0,0.2275
0,0.2775
0,0.115
0,0.0325
0,0.18204873930661866
1,0.22
0,0.18
1,0.4695487393066186
0,0.1875
0,0.175
0,0.0975
0,0.21
0,0.14923547808840917
0,0.085
0,0.01
0,0.115
0,0.13
0,0.2975
1,0.1625
0,0.1747519858454381
0,0.1798290025933256
0,0.1475
1,0.495
0,0.025
0,0.4175
0,0.01
1,0.0475
1,0.14
0,0.23130469684293298
0,0.1475
0,0.3573290025933256
0,0.16
1,0.28
0,0.29
0,0.24
1,0.28
0,0.01
0,0.1575
0,0.2825
0,0.235
0,0.1975
0,0.3025
0,0.1125
0,0.33673547808840915
0,0.055
0,0.1925
0,0.0925
0,0.01
0,0.035
0,0.0575
0,0.2975
0,0.2275
0,0.035
0,0.695
0,0.2725
0,0.17
0,0.1575
0,0.1625
0,0.32
0,0.2575
0,0.09704873930661866
1,0.135
0,0.1875
1,0.1575
0,0.0625
0,0.125
0,0.1725
0,0.0925
0,0.325
0,0.3222519858454381
0,0.1775
0,0.0525
1,0.105
0,0.1525
1,0.295
1,0.15
0,0.0075
0,0.30486952078424223
1,0.1675
1,0.5425
0,0.1725
0,0.095
0,0.0875
1,0.11
0,0.18400530964668518
0,0.2125
1,0.12704873930661864
0,0.5275
0,0.0275
0,0.0875
0,0.0875
0,0.095
0,0.32
1,0.1
1,0.3925
0,0.015
0,0.085
0,0.1425
0,0.0475
0,0.1675
0,0.2642117502169074
0,0.1825
1,0.3175
0,0.2675
0,0.045
0,0.015
0,0.27475198584543814
0,0.17954873930661866
0,0.2775
0,0.42673547808840917
1,0.175
1,0.2275
0,0.39
1,0.02
0,0.23
0,0.1025
0,0.24
0,0.01
0,0.1988494644586754
0,0.0075
0,0.0575
0,0.0325
0,0.1525
0,0.405
0,0.085
0,0.075
1,0.375
0,0.0775
1,0.125
0,0.12204873930661865
0,0.15954873930661864
0,0.5475
1,0.19274596343116276
0,0.0925
0,0.085
0,0.0275
0,0.15308494254708457
0,0.10204873930661865
0,0.0575
1,0.055
1,0.095
1,0.03
0,0.065
0,0.0275
0,0.5625
1,0.4775
0,0.1
0,0.0775
1,0.45423547808840914
0,0.22
0,0.095
1,0.1125
1,0.1525
0,0.02900530964668519
1,0.0475
0,0.06423547808840917
0,0.24732019727070845
1,0.0723290025933256
0,0.12
0,0.1525
1,0.10923547808840917
0,0.315
0,0.08
0,0.085
0,0.0575
0,0.0775
0,0.035
0,0.00454873930661864
0,0.075
1,0.025
0,0.0175
0,0.1675
0,0.08725198584543811
1,0.045
0,0.21150530964668518
0,0.0225
0,0.005
1,0.3425
1,0.2325
0,0.04
0,0.0725
1,0.26
0,0.735
1,0.2275
0,0.3775
1,0.1425
0,0.65
0,0.0075
0,0.355
0,0.23
0,0.07
0,0.23
1,0.2290974786132373
0,0.2925
0,0.0675
0,0.0875
0,0.1475
0,0.2847519858454381
0,0.4075
0,0.1725
0,0.08
0,0.1325
0,0.23
1,0.09
1,0.4075
0,0.145
1,0.19
0,0.12
1,0.05
0,0.585
0,0.0325
0,0.2825
0,0.13
0,0.3625
0,0.1075
0,0.27687914266245434
0,0.0775
0,0.0175
0,0.3475
0,0.08
1,0.1425
1,0.025
1,0.3375
0,0.1325
0,0.18
0,0.055
1,0.7425
0,0.035
0,0.045
0,0.0375
0,0.2475
1,0.29
0,0.04
1,0.2725
0,0.165
0,0.7075
0,0.3925
0,0.1423290025933256
0,0.14
1,0.155
1,0.05
0,0.15
0,0.19
1,0.11
0,0.035
0,0.0325
0,0.1325
0,0.4125
1,0.3275
0,0.1325
0,0.0525
0,0.375
0,0.024751985845438123
0,0.3275
0,0.33
0,0.345
0,0.08954873930661865
0,0.2575
0,0.2875
0,0.11673547808840917
0,0.06
0,0.4675
0,0.09
0,0.285
0,0.6575
1,0.105
1,0.34316195929497195
0,0.2925
1,0.1075
0,0.3025
0,0.2
0,0.5348290025933256
0,0.055
0,0.5586798678145111
0,0.0375
1,0.025
0,0.1
1,0.3575
0,0.028332956701646452
0,0.1175
0,0.2275
1,0.0575
0,0.0325
0,0.11
0,0.39
1,0.0525
0,0.115
0,0.1825
0,0.1025
0,0.5025
1,0.4125
0,0.3422519858454381
0,0.075
0,0.15704873930661864
0,0.05
1,0.34672863902077206
0,0.3625
0,0.18673547808840915
0,0.3742354780884092
0,0.06
0,0.1925
1,0.295
0,0.0875
0,0.07423547808840918
0,0.25
0,0.3025
0,0.265
1,0.02
0,0.3625
0,0.465
1,0.1773830935541742
0,0.125
0,0.16
1,0.17454873930661866
0,0.2525
0,0.055
0,0.32892788196907297
0,0.0675
0,0.1275
0,0.035
0,0.0825
0,0.1225
0,0.13
0,0.1110862980854489
0,0.585
0,0.43
0,0.075
1,0.41
1,0.145
0,0.05
0,0.15423547808840918
0,0.265
0,0.07204873930661865
0,0.05
0,0.255
1,0.2375
0,0.19482900259332558
1,0.085
0,0.36954873930661863
0,0.2248290025933256
1,0.2643007251520567
0,0.115
0,0.12
0,0.2325
1,0.12
1,0.13614621791985593
0,0.3175
0,0.29180072515205674
1,0.32
0,0.1025
0,0.0275
1,0.13
0,0.5375
0,0.0825
1,0.165
0,0.2875
1,0.01
0,0.1725
0,0.0175
1,0.1675
0,0.2275
0,0.485
0,0.455
0,0.09
0,0.105
0,0.025
0,0.0525
1,0.44
0,0.285
0,0.17954873930661866
0,0.135
0,0.4375
1,0.0225
0,0.2925
0,0.225
0,0.2928811347738471
0,0.12937774189994422
1,0.37
0,0.085
0,0.05
0,0.15
0,0.2025
0,0.2925
0,0.1675
0,0.0475
0,0.1775
0,0.15704873930661864
0,0.1925
0,0.075
0,0.0925
1,0.49
1,0.2438290446008704
0,0.2
0,0.11583295670164644
0,0.2920487393066187
0,0.2375
0,0.115
0,0.1325
0,0.36
0,0.1225
0,0.065
1,0.20499568237853133
0,0.16204873930661862
0,0.06
1,0.0525
0,0.035
0,0.125
0,0.3845487393066186
0,0.175
0,0.07954873930661864
0,0.69
0,0.2
1,0.2675
0,0.1
1,0.3575
0,0.6375
0,0.0375
0,0.28
1,0.42173547808840917
0,0.24
0,0.1
0,0.1225
0,0.265
0,0.0925
0,0.0375
0,0.2073290025933256
0,0.1075
0,0.2825
0,0.08
1,0.13
0,0.125
0,0.28
0,0.09
1,0.3397519858454381
0,0.17608103044630852
0,0.1625
0,0.0825
1,0.2972519858454381
1,0.21200397169087623
0,0.245
0,0.1225
0,0.0875
0,0.12437774189994424
0,0.22
0,0.16937914266245432
0,0.06725198584543812
0,0.2
1,0.14
0,0.0475
0,0.0275
0,0.2525
0,0.0475
0,0.1025
0,0.415
0,0.165
0,0.5175
0,0.375
0,0.465
1,0.065
0,0.1125
0,0.3125
1,0.205
0,0.1125
1,0.1125
1,0.0825
0,0.1
1,0.05
0,0.0975
1,0.19
1,0.4225
0,0.15225198584543811
0,0.0625
0,0.02725198584543812
0,0.425
0,0.35
0,0.1975
1,0.0925
0,0.16
0,0.0575
0,0.055
0,0.065
1,0.14
0,0.1625
0,0.175
0,0.4425
0,0.0125
0,0.1425
0,0.1675
0,0.2825
0,0.09909747861323728
1,0.035
0,0.35672863902077195
0,0.1575
0,0.1975
0,0.0975
0,0.5325
0,0.145
1,0.1
0,0.0875
0,0.09
0,0.09
0,0.0425
0,0.7145487393066187
0,0.195
0,0.1875
0,0.4245487393066186
0,0.3375
1,0.3025
0,0.1375
0,0.17704873930661866
1,0.07
0,0.195
0,0.1025
0,0.2525
0,0.0775
0,0.5025
0,0.09
0,0.035
0,0.155
0,0.1475
1,0.3825
0,0.3525
1,0.1
0,0.0075
0,0.0325
0,0.1775
0,0.355
0,0.1175
0,0.0875
1,0.4225
0,0.0325
0,0.1123290025933256
1,0.055
0,0.065
0,0.3025
0,0.4875
1,0.175
0,0.0325
0,0.2125
0,0.0375
1,0.07954873930661864
0,0.165
0,0.3565974786132373
1,0.1675
0,0.6470487393066187
0,0.0425
0,0.1575
0,0.0375
0,0.3315974786132373
0,0.3298290025933256
0,0.2725
0,0.2125
0,0.5422519858454381
1,0.0575
0,0.07
0,0.3125
1,0.2075
0,0.205
0,0.11
1,0.1475
1,0.2675
1,0.22646013110121804
1,0.1325
1,0.055
0,0.06
0,0.125
0,0.33
0,0.045
0,0.155
0,0.21
0,0.1975
0,0.4525
1,0.125
0,0.2720487393066186
0,0.1325
0,0.4223290025933256
1,0.2825
0,0.2025
0,0.17
0,0.0725
0,0.3820487393066186
1,0.255
0,0.1825
0,0.2675
0,0.075
0,0.045
0,0.0725
0,0.245
0,0.085
0,0.235
0,0.0575
0,0.14
1,0.3425
0,0.6335540489533038
0,0.5670487393066186
0,0.1325
0,0.3075
0,0.285
1,0.645
0,0.05423547808840917
0,0.2125
0,0.0425
0,0.2875
1,0.22
1,0.42824078773509433
0,0.2375
1,0.07
0,0.4125
0,0.42
0,0.16
0,0.15423547808840918
0,0.165
1,0.0475
0,0.1675
0,0.155
0,0.0575
0,0.17
0,0.2975
1,0.3075
0,0.23
1,0.2625
0,0.0725
0,0.0825
0,0.0575
0,0.1375
0,0.19454873930661865
0,0.113658047194196
0,0.1
1,0.1125
0,0.27
0,0.06
0,0.32725198584543813
0,0.205
0,0.065
1,0.3025
1,0.11954873930661865
0,0.1925
0,0.205
0,0.5475
0,0.125
0,0.14353620324046593
0,0.3275
1,0.275
0,0.1575
1,0.125
0,0.045
0,0.3675
0,0.5397519858454382
0,0.2025
0,0.2475
1,0.24
0,0.1775
0,0.225
0,0.1525
0,0.5275
0,0.025
0,0.05
0,0.4825
0,0.0325
1,0.19475198584543812
0,0.3205767458415316
0,0.0775
0,0.0375
0,0.2725
0,0.065
0,0.66
0,0.02
0,0.185
0,0.18954873930661864
0,0.22204873930661864
0,0.2025
1,0.0825
0,0.055
0,0.24423547808840915
0,0.1375
0,0.0725
0,0.205
0,0.12833295670164643
0,0.5425
0,0.145
0,0.2275
0,0.08400530964668519
0,0.21423547808840915
0,0.0675
1,0.2325
0,0.045
0,0.1825
0,0.32
0,0.09
0,0.0425
0,0.4725
0,0.335
1,0.17173547808840917
0,0.1375
0,0.115
0,0.22
0,0.1825
0,0.0575
1,0.09454873930661865
1,0.225
0,0.2075
0,0.0525
0,0.2175
0,0.1175
0,0.03
1,0.0925
0,0.1225
1,0.135
0,0.1825
0,0.1975
1,0.22454873930661864
0,0.2875
0,0.2925
0,0.0475
1,0.34
0,0.2845487393066186
1,0.3725
1,0.13110778168322634
0,0.4043007251520568
1,0.53
0,0.0825
0,0.275
1,0.46
0,0.1375
0,0.06
0,0.07173547808840917
0,0.0725
0,0.015
0,0.265
0,0.735
0,0.06
0,0.0075
1,0.055
0,0.31
0,0.18
1,0.04
0,0.2175
0,0.295
0,0.37
0,0.0775
0,0.125
0,0.2825
0,0.295
0,0.1275
0,0.125
1,0.415
0,0.225
0,0.1475
1,0.26954873930661866
0,0.545
0,0.185
0,0.14704873930661863
1,0.1025
0,0.0675
0,0.2525
0,0.3475
0,0.0575
0,0.1425
0,0.125
0,0.17
0,0.035
0,0.0775
0,0.115
0,0.155
0,0.045
0,0.05
0,0.0375
0,0.1625
0,0.2025
0,0.18454873930661864
0,0.1875
0,0.2925
0,0.3067354780884092
0,0.275
0,0.08
0,0.25
1,0.42134946445867544
1,0.285
1,0.3325
0,0.14673547808840917
0,0.04
0,0.2418777418999442
0,0.0625
0,0.025
0,0.15704873930661864
0,0.1725
0,0.2475
1,0.0275
0,0.0575
0,0.11659747861323727
1,0.1975
0,0.4125
0,0.15
0,0.43
0,0.2898290025933256
0,0.2925
0,0.145
0,0.3797519858454381
0,0.005
0,0.1475
0,0.3037842173950278
0,0.3475
0,0.14360145030411353
0,0.0775
0,0.25
0,0.0975
0,0.2375
0,0.0675
0,0.025
0,0.1770487393066186
0,0.0325
0,0.2947519858454381
0,0.0625
0,0.2575
1,0.1175
0,0.4340974786132373
0,0.0525
0,0.19
0,0.075
1,0.20923547808840914
0,0.2525
0,0.1175
0,0.1125
0,0.53
0,0.39
0,0.2575
0,0.1875
0,0.0575
1,0.115
0,0.16704873930661862
0,0.1425
0,0.12454873930661864
0,0.065
0,0.355
0,0.335
0,0.18
0,0.2775
0,0.2175
0,0.0425
1,0.3825
0,0.18
0,0.7525
1,0.15128421739502781
0,0.205
0,0.4025
0,0.08
0,0.3775
0,0.1
0,0.455
1,0.3675
0,0.05
0,0.1625
1,0.16
0,0.11454873930661864
1,0.2625
0,0.1425
0,0.34
0,0.13
0,0.08
0,0.0125
1,0.39
0,0.455
0,0.0125
0,0.1175
0,0.0425
0,0.02
0,0.01
0,0.2925
0,0.405
1,0.0625
1,0.3225
0,0.0575
0,0.18
0,0.055
0,0.0775
0,0.0275
1,0.1825
1,0.3075
0,0.1748290025933256
0,0.1925
0,0.1475
0,0.0775
0,0.31
0,0.24
0,0.0225
1,0.235
0,0.31
0,0.16423547808840916
0,0.12923547808840918
0,0.175
0,0.05704873930661864
0,0.1425
0,0.115
1,0.1775
0,0.12225198584543812
0,0.1925
0,0.18
0,0.11204873930661866
0,0.0575
0,0.3875
1,0.1975
0,0.01
0,0.0275
0,0.3620487393066186
1,0.335
0,0.225
1,0.33881646652717284
0,0.3275
0,0.1525
0,0.0975
0,0.265
0,0.2025
0,0.54
0,0.265
1,0.1875
1,0.2325
0,0.17741147374464514
0,0.1625
0,0.495
1,0.17204873930661863
0,0.0575
0,0.1975
0,0.0175
0,0.17
0,0.0875
0,0.16923547808840916
1,0.1625
0,0.2573290025933256
0,0.6220487393066186
0,0.3025
0,0.135
1,0.06
0,0.14
0,0.055
0,0.205
1,0.16954873930661862
0,0.05
0,0.115
0,0.1363494644586754
0,0.1575
1,0.185
1,0.39
0,0.1225
0,0.0225
1,0.51
0,0.545
0,0.2425
1,0.3718007251520568
0,0.115
0,0.25954873930661865
0,0.3522519858454381
0,0.02
0,0.07930072515205676
0,0.4525
0,0.2025
1,0.605
0,0.1125
1,0.3025
1,0.1525
0,0.05
0,0.3405106192933704
0,0.0825
0,0.1125
0,0.21148746393384726
0,0.0925
0,0.03
0,0.0875
0,0.3475
0,0.425
1,0.0275
0,0.2075
1,0.0625
1,0.5593422339558956
0,0.3663601984492436
0,0.1575
0,0.0825
0,0.0725
0,0.0575
0,0.22930072515205677
0,0.2348290025933256
1,0.0125
0,0.095
1,0.2
0,0.28
0,0.7925
0,0.1725
0,0.275
0,0.0925
1,0.19
0,0.2125
0,0.065
0,0.09680072515205676
0,0.21
0,0.06409747861323728
0,0.4525
0,0.1625
0,0.055
0,0.1875
0,0.0325
0,0.215
0,0.42173547808840917
0,0.095
0,0.0848290025933256
0,0.3575
0,0.15128421739502781
0,0.4225
0,0.5075
0,0.0375
1,0.2875
0,0.2025
0,0.04
0,0.045
0,0.07725198584543812
1,0.04
0,0.4125
0,0.315
0,0.285
1,0.4097519858454381
0,0.08
0,0.07
0,0.01
0,0.4675
0,0.6525
0,0.02
0,0.27
1,0.08
0,0.01
0,0.0525
0,0.14454873930661866
0,0.04
0,0.0925
0,0.2275
0,0.3125
0,0.2225
0,0.035
0,0.18
0,0.37867846705200103
0,0.3620487393066186
1,0.135
0,0.23
0,0.48
0,0.2275
0,0.2875
0,0.34
0,0.065
0,0.015
0,0.0625
0,0.03
1,0.1225
0,0.09437914266245433
0,0.3520487393066186
1,0.4578486980767626
0,0.47673547808840916
0,0.365
1,0.04
0,0.03
0,0.2840053096466852
0,0.15
0,0.0625
1,0.4922519858454381
0,0.0525
0,0.36583295670164645
0,0.2725
0,0.07
0,0.075
0,0.4
0,0.215
1,0.12
0,0.0575
0,0.2022519858454381
1,0.065
0,0.26
0,0.2175
1,0.155
0,0.17454873930661866
1,0.205
0,0.2225
0,0.1425
0,0.095
1,0.3425
1,0.2775
0,0.5075
0,0.05
0,0.1215053096466852
0,0.1175
0,0.483536203240466
0,0.2725
0,0.18704873930661864
0,0.21
1,0.1525
0,0.21673547808840915
0,0.0275
0,0.0325
0,0.4375
0,0.0325
0,0.0175
0,0.155
1,0.1075
0,0.15
1,0.295
0,0.18
0,0.1825
0,0.17204873930661863
1,0.1825
0,0.13
0,0.0475
0,0.215
0,0.15
0,0.605
0,0.18
0,0.335
0,0.12
0,0.095
0,0.24725198584543812
1,0.0225
0,0.1225
0,0.3525
0,0.0375
0,0.22
1,0.2275
0,0.125
0,0.09204873930661865
0,0.3725
0,0.245
0,0.67
1,0.6275
0,0.07
1,0.28134946445867537
0,0.0525
0,0.2625
0,0.44
0,0.0575
0,0.2875
0,0.3118791426624543
0,0.3925
0,0.175
0,0.01
0,0.1975
0,0.105
0,0.3025
0,0.225
0,0.09
0,0.1525
0,0.0775
0,0.3375
0,0.1725
0,0.3125
0,0.5675
0,0.2898695207842422
0,0.11
0,0.26142788196907296
0,0.23
0,0.2225
1,0.19
0,0.4475
0,0.01
0,0.0975
0,0.1625
0,0.21173547808840915
0,0.1025
0,0.155
0,0.17
0,0.15583295670164646
0,0.1375
0,0.2875
1,0.19
0,0.0525
1,0.1125
0,0.0075
0,0.345
1,0.4675
1,0.4
0,0.4425
0,0.1625
0,0.5
0,0.055
0,0.3125
0,0.25204873930661864
0,0.2743691599421123
0,0.235
0,0.04
0,0.1375
0,0.21937774189994425
1,0.05
0,0.1425
0,0.2075
0,0.3325
0,0.0775
0,0.15
0,0.29180072515205674
0,0.7
0,0.0675
0,0.215
1,0.035
0,0.2122519858454381
0,0.1925
1,0.17
1,0.21
0,0.06
1,0.0925
0,0.065
0,0.075
0,0.0823290025933256
1,0.3925
0,0.1025
0,0.0625
1,0.07
0,0.3825
0,0.51
0,0.67
0,0.09
0,0.445
0,0.0175
1,0.015
0,0.32
0,0.2325
1,0.1075
0,0.16954873930661865
0,0.5075
1,0.18
0,0.245
0,0.09680072515205676
0,0.09673547808840917
0,0.0575
0,0.04
0,0.05
0,0.3525
0,0.0225
0,0.2425
0,0.18
0,0.10673547808840916
0,0.3440974786132373
0,0.1275
0,0.3765974786132373
1,0.28
0,0.445
1,0.3025
0,0.19
0,0.125
0,0.3875
1,0.4775
1,0.3375
0,0.14
0,0.44
0,0.21
0,0.0325
0,0.0325
0,0.2485540489533038
0,0.4025
0,0.1575
0,0.22673547808840916
0,0.05150530964668519
0,0.2075
0,0.505
0,0.075
0,0.4875
1,0.2825
0,0.1
0,0.205
1,0.0475
0,0.0625
1,0.22027594566523828
0,0.2425
0,0.03
0,0.06
0,0.05
0,0.06
0,0.1925
0,0.1675
0,0.1575
0,0.1475
0,0.205
0,0.2075
1,0.21
0,0.1575
0,0.2375
0,0.2175
0,0.4425
0,0.27
0,0.1175
0,0.16
0,0.0525
0,0.35878421739502786
0,0.1575
1,0.2525
0,0.1125
0,0.13454873930661865
1,0.17
0,0.3775
0,0.1675
0,0.46
0,0.1
0,0.07
0,0.0325
0,0.3175
0,0.105
0,0.1925
0,0.56
0,0.14
0,0.30954873930661864
0,0.0475
0,0.07
1,0.5975
0,0.265
0,0.095
0,0.0875
0,0.1725
0,0.0175
0,0.315
0,0.06
0,0.0375
0,0.12423547808840917
0,0.33480565639943505
0,0.0825
1,0.2175
0,0.2525
0,0.20173547808840916
0,0.075
1,0.18673547808840915
1,0.2075
1,0.0775
0,0.17
0,0.1825
0,0.045
0,0.14458098843876374
0,0.31954873930661865
0,0.1225
0,0.0325
0,0.075
1,0.3075
0,0.2325
0,0.2875
0,0.0825
0,0.435
0,0.3223290025933256
0,0.305
0,0.3025
0,0.415
0,0.09
0,0.2275
0,0.3825
0,0.1675
0,0.075
0,0.295
0,0.2325
0,0.315
0,0.19704873930661865
0,0.23
0,0.23
0,0.05
0,0.37
0,0.18
0,0.195
0,0.0975
0,0.0875
0,0.05
1,0.16
0,0.3425
1,0.21
0,0.33
0,0.0
0,0.06150530964668519
0,0.14704873930661863
0,0.1625
0,0.02
0,0.4225
0,0.1575
0,0.2075
0,0.07
0,0.2325
1,0.085
0,0.175
0,0.4120487393066186
0,0.0675
1,0.6975
0,0.0875
0,0.155
0,0.3625
0,0.0325
0,0.2325
1,0.19
0,0.20103620324046595
0,0.1375
0,0.5673290025933256
0,0.2275
0,0.3525
0,0.1675
1,0.2825
1,0.1775
1,0.3096580051866512
0,0.045
1,0.2375
1,0.245
0,0.0925
0,0.2575
1,0.15704873930661864
0,0.0225
0,0.09900530964668519
1,0.185
0,0.2175
0,0.3675
0,0.315
0,0.22
0,0.019548739306618643
0,0.315
1,0.185
0,0.1425
1,0.1025
0,0.18704873930661864
1,0.18
0,0.5875
0,0.0575
0,0.085
0,0.275
0,0.1025
0,0.0225
0,0.2525
0,0.05
0,0.215
0,0.14954873930661863
0,0.2325
0,0.0525
0,0.0325
0,0.38923547808840914
1,0.3443777418999442
1,0.2775
0,0.46
0,0.1
0,0.055
0,0.63
0,0.145
0,0.6775
0,0.2775
1,0.1275
0,0.1075
0,0.0425
0,0.25
1,0.1825
0,0.175
1,0.5425
0,0.06
1,0.2775
0,0.07
0,0.1875
0,0.19454873930661865
0,0.12
0,0.12
0,0.38
0,0.1575
0,0.1565053096466852
0,0.0475
0,0.325
1,0.3075
0,0.11
0,0.66
1,0.1525
1,0.2572519858454381
0,0.09
0,0.3229137217756249
0,0.0325
0,0.0625
0,0.0625
1,0.2025
0,0.055
0,0.37454873930661864
0,0.1075
0,0.135
0,0.055
0,0.0425
0,0.3648290025933256
0,0.39
1,0.3375
0,0.03
0,0.22
0,0.06
0,0.0725
0,0.32
1,0.36
1,0.28
0,0.285
0,0.1325
0,0.065
0,0.495
1,0.055
0,0.04
1,0.1925
0,0.07
0,0.295
1,0.045
0,0.5075
0,0.0325
0,0.25673547808840913
0,0.2125
0,0.0375
0,0.0803547741053606
0,0.0375
0,0.165
1,0.2275
0,0.2825
0,0.035
0,0.1775
0,0.1025
0,0.2125
0,0.205
0,0.2775
0,0.195
0,0.095
0,0.34673547808840915
0,0.0575
1,0.195
0,0.315
0,0.3775
0,0.235
0,0.2475
0,0.405
1,0.1075
1,0.455
0,0.32475198584543813
0,0.17
0,0.025
0,0.1575
0,0.14
0,0.025
0,0.3125
0,0.3775
0,0.2375
0,0.055
0,0.0025
0,0.0525
0,0.0575
0,0.2075
0,0.38
0,0.03
0,0.30128421739502775
0,0.135
0,0.125
0,0.1
0,0.345
0,0.1675
0,0.0875
1,0.6795487393066186
0,0.0125
0,0.24
0,0.075
0,0.4325
0,0.0775
0,0.0425
1,0.0425
0,0.295
0,0.16
0,0.0925
0,0.2875
0,0.0175
0,0.18
0,0.05
0,0.315
0,0.3775
0,0.2225
0,0.0575
0,0.23173547808840916
0,0.4925
0,0.31
0,0.125
0,0.465
0,0.255
0,0.4275
0,0.10437914266245432
0,0.015
0,0.185
0,0.21954873930661864
0,0.0625
0,0.135
0,0.045
0,0.4875
0,0.175
0,0.06
1,0.285
0,0.135
0,0.0175
0,0.3
0,0.23704873930661866
0,0.6425
0,0.02
0,0.0125
0,0.12
0,0.3125
1,0.035
1,0.2
0,0.16954873930661865
0,0.07650530964668519
0,0.3034709561768183
0,0.0675
0,0.2095487393066186
0,0.035
0,0.34
0,0.4225
0,0.1325
1,0.3895487393066186
0,0.12454873930661865
1,0.3475
0,0.1225
0,0.295
0,0.0425
0,0.2025
0,0.0075
0,0.1425
0,0.2925
0,0.15
1,0.0825
1,0.09704873930661863
0,0.015
0,0.2075
1,0.1440974786132373
0,0.0025
0,0.15954873930661864
0,0.1422519858454381
1,0.0775
0,0.10105775820698629
1,0.155
0,0.12
0,0.4475
0,0.3395487393066186
0,0.21
1,0.365
0,0.3075
0,0.0425
0,0.2075
0,0.05125992922719061
1,0.2625
0,0.21
0,0.15
0,0.3625
0,0.1612842173950278
0,0.05
0,0.05
0,0.10704873930661865
0,0.1298290025933256
0,0.565
0,0.055
0,0.155
0,0.1375
0,0.6075
0,0.1025
0,0.0575
0,0.3575
0,0.255
0,0.075
0,0.0275
0,0.245
0,0.2275
0,0.0575
1,0.2825
0,0.175
0,0.19
0,0.24
1,0.6
0,0.28134946445867537
0,0.195
0,0.635
0,0.08
0,0.1925
0,0.205
0,0.07
1,0.0575
1,0.27923547808840915
0,0.3525
0,0.19568918105171484
1,0.125
0,0.125
1,0.1425
0,0.035
1,0.375
0,0.0825
0,0.11
0,0.2925
0,0.2025
0,0.095
0,0.0375
0,0.075
1,0.13
0,0.2284709561768183
0,0.20454873930661863
0,0.0525
0,0.025
0,0.2199640852095389
0,0.1
0,0.2975
0,0.29
0,0.42
1,0.04
0,0.1475
0,0.54
1,0.05
0,0.08
0,0.0275
0,0.08400530964668519
0,0.01
0,0.265
1,0.04
1,0.225
0,0.12
0,0.235
0,0.17454873930661863
0,0.6575
1,0.195
0,0.6
1,0.0275
0,0.3254728928106745
0,0.11
0,0.2675
0,0.045
0,0.115
0,0.2175
0,0.26454873930661865
0,0.48954873930661863
0,0.1225
0,0.13
0,0.2325
0,0.0625
0,0.165
0,0.0873290025933256
0,0.3825
0,0.4175
0,0.5425
0,0.3425
0,0.0075
0,0.28
1,0.1425
0,0.09950397169087624
0,0.08458098843876373
0,0.2875
0,0.21
1,0.2823290025933256
0,0.2225
0,0.175
0,0.1525
0,0.19
1,0.23212150662968034
0,0.045
0,0.1795487393066186
0,0.20673547808840914
1,0.19
1,0.025
0,0.0275
0,0.415
1,0.1518791426624543
0,0.035
1,0.2540974786132373
0,0.115
1,0.7175
0,0.0225
0,0.52
0,0.0325
0,0.0875
1,0.2675
0,0.0925
1,0.2425
0,0.22066195929497204
1,0.1375
0,0.285
0,0.365
0,0.195
0,0.0675
0,0.0875
1,0.625
0,0.4523290025933256
0,0.4025
0,0.275
1,0.265
0,0.29173547808840916
0,0.0973290025933256
0,0.1
0,0.6925
0,0.06
0,0.115
0,0.0275
0,0.14173547808840917
0,0.12532502290405945
0,0.24
0,0.27
0,0.1725
0,0.2340527109974949
1,0.225
0,0.1075
0,0.405
0,0.3468007251520568
0,0.1025
0,0.14
0,0.0525
1,0.135
0,0.4425
1,0.2875
0,0.0475
1,0.5165974786132373
0,0.1775
0,0.04
0,0.0375
1,0.20954873930661866
0,0.11
0,0.1225
1,0.1475
0,0.2775
0,0.4225
1,0.0425
1,0.0975
0,0.34
1,0.135
0,0.26
0,0.14777594566523827
1,0.185
0,0.0475
0,0.28
0,0.15225198584543814
0,0.1525
0,0.1
0,0.015
0,0.07923547808840917
0,0.2025
1,0.1675
0,0.115
0,0.3175
0,0.065
0,0.165
0,0.04
0,0.175
0,0.02
1,0.2825
1,0.5497519858454382
1,0.3325
0,0.12173547808840918
1,0.37
1,0.185
0,0.22
0,0.2225
0,0.02
0,0.1725
0,0.27
1,0.125
0,0.18
1,0.025
0,0.1975
0,0.1225
1,0.3225
1,0.405
0,0.02
0,0.31
0,0.2625
0,0.115
0,0.505
0,0.19887483043092744
1,0.0275
0,0.0725
0,0.053054369302950974
0,0.035
1,0.18
0,0.3125
0,0.0275
1,0.21
0,0.2075
0,0.3775
0,0.17
0,0.22225198584543812
0,0.1875
1,0.055
0,0.3
0,0.5375
0,0.275
1,0.015
0,0.1422519858454381
0,0.0525
0,0.3425
0,0.0425
0,0.195
0,0.13173547808840916
0,0.1223290025933256
0,0.065
0,0.045
1,0.32173547808840913
1,0.185
1,0.0425
0,0.3925
0,0.0525
0,0.425
0,0.1825
0,0.245
0,0.0675
0,0.1425
1,0.3565053096466852
0,0.1975
0,0.05
0,0.075
0,0.40906448068173473
0,0.075
0,0.2575
0,0.12
1,0.3675
1,0.41
0,0.0925
1,0.14173547808840917
0,0.3193777418999442
0,0.1525
0,0.3775
0,0.08
0,0.2975
0,0.08
0,0.1725
0,0.2175
0,0.1675
0,0.1125
0,0.175
0,0.2225
0,0.21
1,0.1325
0,0.2625
0,0.1475
0,0.4
0,0.5775
0,0.04
0,0.14
0,0.4675
1,0.3975
0,0.0775
0,0.2125
0,0.1725
0,0.0425
0,0.2275
0,0.1975
1,0.235
1,0.4297519858454381
0,0.2125
0,0.0225
0,0.07
0,0.1025
1,0.39
1,0.1125
1,0.32
0,0.06
0,0.0575
1,0.0575
0,0.2425
0,0.2275
0,0.3725
0,0.04
0,0.42
0,0.115
0,0.0675
0,0.24
0,0.4475
0,0.3475
0,0.095
0,0.0775
1,0.235
0,0.26
0,0.06855404895330383
0,0.105
1,0.2775
0,0.1375
1,0.315
1,0.1225
1,0.36
0,0.0225
0,0.215
0,0.135
0,0.4975
0,0.23
0,0.0875
1,0.2768007251520568
0,0.6725
0,0.1
0,0.03
0,0.16
0,0.565
1,0.26
0,0.1225
1,0.1025
0,0.10454873930661865
0,0.14
0,0.12
0,0.2325
0,0.4275
0,0.08
1,0.1925
0,0.3595487393066186
0,0.02
0,0.09
0,0.1825
1,0.21923547808840915
0,0.0775
0,0.5825
0,0.19
1,0.2070487393066186
0,0.145
1,0.36
0,0.1975
0,0.29
0,0.1575
0,0.025
0,0.3125
0,0.1025
1,0.34
0,0.18
1,0.6625
0,0.19
0,0.03
0,0.019548739306618643
0,0.1675
0,0.115
1,0.3374475322283642
1,0.09385698471808954
0,0.095
0,0.25
1,0.0325
0,0.1275
0,0.015
0,0.395
0,0.095
0,0.275
0,0.0538290446008704
0,0.1325
0,0.11159747861323727
0,0.1575
1,0.22
1,0.11
1,0.315
0,0.0625
0,0.095
0,0.16423547808840916
0,0.13954873930661862
0,0.5675
0,0.085
0,0.215
0,0.18
0,0.145
0,0.3
0,0.5075
0,0.2225
1,0.055
1,0.175
0,0.1975
1,0.325
0,0.2175
1,0.0825
1,0.2975
0,0.2425
0,0.5025
0,0.3
0,0.14
1,0.2725
0,0.3125
0,0.19741147374464516
0,0.1125
0,0.2225
0,0.175
0,0.2475
0,0.1775
0,0.085
0,0.3325
0,0.1525
0,0.145
0,0.18
0,0.02
1,0.1025
0,0.2475
0,0.235
0,0.1475
0,0.3875
0,0.0325
0,0.185
0,0.095
0,0.14
1,0.1898290025933256
0,0.2525
1,0.235
0,0.07301061929337038
1,0.06
0,0.2
0,0.44
0,0.035
1,0.4225
0,0.49
0,0.1425
0,0.2775
0,0.6825
0,0.0725
0,0.06204873930661864
1,0.0325
1,0.2425
0,0.09704873930661866
1,0.20954873930661866
0,0.2325
0,0.45
0,0.21
1,0.0975
0,0.2275
0,0.1525
0,0.715
0,0.24
0,0.0325
0,0.5275
0,0.3825834720619606
1,0.3425
0,0.3525
0,0.0775
0,0.3025
0,0.02
1,0.2275
1,0.29504151288715114
0,0.30906448068173475
1,0.205
0,0.2625
1,0.1475
0,0.085
0,0.0225
0,0.33
1,0.135
1,0.3225
0,0.0775
0,0.115
1,0.2975
0,0.06
0,0.11954873930661865
0,0.3775
0,0.1325
1,0.3825
0,0.2487394497792854
0,0.0975
0,0.10725198584543812
1,0.065
0,0.0575
0,0.18475198584543812
0,0.035
0,0.19066336005748216
0,0.105
0,0.04204873930661864
0,0.145
0,0.17180072515205677
0,0.3975
0,0.185
0,0.1425
0,0.1025
0,0.0125
0,0.1675
1,0.205
0,0.5175
1,0.035
0,0.0975
0,0.0375
1,0.17454873930661866
0,0.2475
1,0.335
0,0.2125
0,0.04
0,0.1425
0,0.02
1,0.3625
0,0.0725
0,0.3
0,0.2475
0,0.055
0,0.01
0,0.085
0,0.125
0,0.135
0,0.045
0,0.165
0,0.1425
1,0.08
0,0.025
0,0.1275
0,0.17
0,0.2890974786132373
0,0.3125
0,0.235
0,0.275
0,0.0625
0,0.265
0,0.1675
1,0.0325
0,0.03173547808840917
0,0.13475198584543813
0,0.02
0,0.12
0,0.2325
1,0.2475
0,0.055
1,0.21454873930661866
0,0.3375
0,0.405
1,0.2975
0,0.0825
0,0.265
0,0.16
0,0.10628421739502782
0,0.1475
0,0.2125
0,0.1125
0,0.3325
1,0.3575
0,0.285
0,0.0675
1,0.1725
1,0.0425
0,0.2775
0,0.015
0,0.1525
0,0.15
0,0.1875
0,0.0525
0,0.2675
0,0.39
0,0.1475
0,0.03
0,0.2675
1,0.4325
1,0.56
0,0.2375
0,0.2648645479703546
0,0.02
0,0.14
1,0.2875
1,0.0575
0,0.3692354780884092
0,0.5175
0,0.03
0,0.1375
0,0.3925
0,0.035
0,0.1025
0,0.215
0,0.0425
0,0.17
0,0.37
0,0.0925
0,0.275
0,0.0275
1,0.0575
0,0.185
0,0.035
0,0.075
0,0.2125
0,0.25
1,0.1325
0,0.16704873930661865
0,0.2325
0,0.16954873930661865
0,0.0125
0,0.21
0,0.2275
0,0.1
0,0.12
0,0.27923547808840915
0,0.275
1,0.2120487393066186
0,0.02
0,0.085
0,0.38
0,0.16
1,0.0975
0,0.21680072515205676
0,0.1975
1,0.4475
0,0.0175
0,0.13173547808840916
0,0.135
1,0.1675
0,0.0725
0,0.03
1,0.4975
0,0.07
0,0.2525
1,0.23
0,0.185
0,0.09650530964668519
0,0.2425
0,0.155
0,0.1325
0,0.0375
0,0.325
0,0.125
0,0.2675
1,0.2925
0,0.1425
0,0.2181949572264746
0,0.18
0,0.135
0,0.0275
0,0.1875
0,0.21
1,0.275
1,0.11173547808840917
0,0.02
0,0.115
0,0.215
1,0.2025
0,0.335
1,0.4275
1,0.17967989971415338
1,0.23
0,0.04
0,0.485
0,0.3875
0,0.17673547808840914
0,0.0475
0,0.2875
1,0.1175
0,0.0875
0,0.07
0,0.145
0,0.055
0,0.1625
0,0.025
0,0.09
0,0.1675
0,0.13
0,0.045
0,0.14704873930661863
0,0.105
0,0.3075
0,0.1065053096466852
0,0.185
0,0.18
0,0.2872519858454381
0,0.0525
1,0.4746580051866512
0,0.12954873930661864
0,0.215
0,0.455
0,0.2575
0,0.18
0,0.3725
0,0.0875
0,0.1325
0,0.029751985845438124
0,0.17
0,0.2375
0,0.155
0,0.315
0,0.045
0,0.10467989971415338
0,0.265
0,0.2725
0,0.09909747861323728
0,0.0475
0,0.18
0,0.2175
0,0.09423547808840917
0,0.2925
1,0.265
0,0.3875
0,0.62
0,0.0475
0,0.1375
0,0.4375
0,0.165
0,0.31
0,0.28204873930661867
0,0.115
1,0.28
0,0.01
0,0.1625
0,0.3075
1,0.1125
0,0.07
1,0.21
1,0.535
0,0.1925
1,0.08
0,0.2106195636677999
0,0.13
1,0.255
0,0.2775
1,0.125
1,0.0175
1,0.0225
0,0.0375
1,0.51
0,0.105
0,0.3540974786132373
0,0.065
0,0.04
0,0.1525
0,0.10011246851797802
0,0.3147519858454381
0,0.185
0,0.1575
0,0.03
0,0.32
0,0.2725
0,0.2075
0,0.0575
0,0.1895487393066186
0,0.065
1,0.0675
0,0.2475
0,0.2225
0,0.045
0,0.1725
1,0.53
0,0.0575
0,0.1725
0,0.13
0,0.07
0,0.15173547808840918
0,0.22
0,0.09
0,0.08
0,0.25204873930661864
1,0.17
0,0.3175
0,0.245
1,0.2925
0,0.095
0,0.1025
0,0.5215974786132372
0,0.125
0,0.0325
0,0.3075
0,0.0825
0,0.16347095617681834
1,0.02
0,0.255
0,0.30430072515205675
0,0.3625
1,0.04204873930661864
0,0.03
0,0.0975
0,0.0075
0,0.1
0,0.2145487393066186
0,0.455
0,0.34097662127569156
0,0.1025
0,0.33423547808840914
0,0.1625
0,0.0325
0,0.1975
1,0.0775
0,0.1075
0,0.0875
1,0.13475198584543813
0,0.02
0,0.21
0,0.12
1,0.7775
0,0.5275
0,0.4625
0,0.23454873930661865
0,0.055
1,0.1425
0,0.0275
0,0.085
0,0.02
1,0.27
0,0.075
1,0.13
0,0.0525
1,0.2
0,0.475
0,0.2875
0,0.08
0,0.0975
0,0.1722519858454381
0,0.05454873930661864
0,0.1975
0,0.1825
0,0.3073988381458913
0,0.11725198584543811
0,0.22
0,0.105
1,0.08
0,0.42
0,0.215
0,0.095
0,0.3025
0,0.005
0,0.16
0,0.07
0,0.315
1,0.46225198584543814
1,0.38
0,0.04
0,0.022251985845438124
0,0.615
1,0.09482900259332559
0,0.1625
0,0.385
0,0.41
0,0.2925
0,0.145
0,0.2225
0,0.12704873930661864
1,0.0175
0,0.0275
0,0.1725
0,0.0925
0,0.0425
1,0.06
0,0.2475
0,0.1575
0,0.025
0,0.18
1,0.0875
0,0.0275
0,0.4725
0,0.1925
1,0.2875
0,0.085
0,0.04
0,0.2025
0,0.28
0,0.215
0,0.045
1,0.0575
0,0.2725
0,0.0325
0,0.225
0,0.0625
0,0.05
1,0.37
1,0.0325
1,0.23
0,0.145
1,0.13
0,0.08954873930661865
0,0.13
0,0.2475
1,0.6725
0,0.275
0,0.03
0,0.3325
0,0.07
0,0.085
1,0.09400530964668519
0,0.3125
0,0.1825
0,0.1175
0,0.1425
1,0.5475
0,0.3625
0,0.2025
0,0.025
0,0.1675
1,0.2447519858454381
1,0.3775
0,0.255
0,0.03
0,0.10454873930661863
0,0.04
0,0.48103620324046586
0,0.25
1,0.425
0,0.4245487393066186
0,0.26700032034964716
0,0.0275
1,0.21
0,0.2225
0,0.4422519858454381
0,0.29
1,0.12
1,0.16704873930661862
0,0.0875
0,0.1675
0,0.1375
0,0.0125
1,0.1075
0,0.03
0,0.17
0,0.23
0,0.285
0,0.226158047194196
0,0.08
0,0.32
1,0.27725943790820934
0,0.1475
0,0.42
0,0.1125
0,0.1575
0,0.22187914266245432
0,0.1075
0,0.0625
1,0.075
0,0.1225
1,0.3275
1,0.365
0,0.1225
0,0.0975
0,0.11
0,0.1375
0,0.27
1,0.21423547808840915
0,0.19423547808840916
0,0.03
0,0.2175
0,0.08680072515205677
1,0.33673547808840915
0,0.0375
0,0.4325
0,0.02923547808840917
0,0.0925
0,0.2225
0,0.2175
0,0.1725
1,0.4225
0,0.26233826634833163
0,0.23
0,0.46
0,0.1925
0,0.1475
0,0.085
0,0.085
0,0.0625
0,0.345
0,0.15
0,0.1390974786132373
0,0.3975
0,0.185
0,0.0975
0,0.0775
0,0.2825
0,0.205
0,0.28189495798922626
0,0.0375
0,0.0925
1,0.32
1,0.115
0,0.5470487393066186
0,0.07
0,0.1
0,0.0325
0,0.35
0,0.07454873930661864
0,0.3223290025933256
0,0.125
1,0.145
0,0.27704873930661866
0,0.195
0,0.145
0,0.2875
0,0.0125
1,0.18074078773509433
1,0.0725
0,0.1275
0,0.2
0,0.015
0,0.1875
0,0.2
0,0.2575
1,0.43
0,0.17
0,0.2775
0,0.055
0,0.09
0,0.3575
0,0.085
0,0.1075
0,0.13
0,0.31
0,0.18
0,0.0775
1,0.11
0,0.2425
1,0.295
0,0.125
0,0.2325
0,0.025
0,0.05
0,0.085
0,0.1525
0,0.0975
0,0.04
0,0.2925
0,0.205
1,0.465
0,0.105
0,0.2075
1,0.2825
1,0.49
1,0.2225
0,0.3042354780884092
0,0.2125
1,0.19704873930661862
0,0.1225
1,0.1875
0,0.2675
0,0.2275
0,0.17173547808840917
0,0.355
0,0.18
0,0.11
1,0.445
1,0.0625
0,0.275
0,0.29
0,0.02
0,0.4625
1,0.255
0,0.1275
1,0.24
0,0.4065974786132373
0,0.0975
0,0.2725
0,0.2775
0,0.205
0,0.0675
0,0.26475198584543813
0,0.1125
0,0.115
1,0.0525
0,0.0475
1,0.105
0,0.03
0,0.335
0,0.14954873930661866
0,0.1825
0,0.045
1,0.42
0,0.26222359702493536
0,0.105
1,0.20156448068173474
0,0.245
0,0.27
0,0.1525
0,0.35
0,0.185
0,0.175
0,0.085
0,0.22
0,0.1
0,0.02
1,0.315
0,0.1825
1,0.2525
0,0.2087842173950278
1,0.1275
1,0.43898746393384724
0,0.11
0,0.205
0,0.0675
1,0.065
0,0.04
0,0.385
1,0.1525
0,0.03923547808840917
0,0.3575
0,0.14615892038325975
0,0.075
0,0.1125
1,0.25988566769914134
0,0.49
0,0.1975
1,0.36
1,0.1775
1,0.2625
1,0.42
0,0.145
0,0.0825
0,0.0275
0,0.29
0,0.395
0,0.265
0,0.1925
0,0.16
0,0.0725
1,0.1725
1,0.4725
0,0.045
0,0.1875
0,0.0725
0,0.7775
0,0.1425
0,0.2775
0,0.2575
0,0.045
0,0.3495039716908762
0,0.39
0,0.0675
0,0.19
0,0.0075
1,0.02
0,0.05
0,0.2325
0,0.03900530964668519
0,0.075
0,0.1375
0,0.06
0,0.2225
1,0.3675
0,0.1375
0,0.0425
0,0.065
0,0.28923547808840916
0,0.3143777418999443
1,0.2525
0,0.165
1,0.33
1,0.24
0,0.04
1,0.1975
0,0.1525
1,0.015
0,0.045
0,0.075
1,0.2475
0,0.015
0,0.305
0,0.09
0,0.07
0,0.0575
0,0.255
0,0.0625
0,0.09
1,0.22
0,0.01
1,0.1625
0,0.1625
1,0.1225
1,0.085
1,0.4375
0,0.0175
1,0.5
0,0.075
0,0.27
0,0.16930072515205674
0,0.085
0,0.36
0,0.09
0,0.1225
0,0.1525
0,0.3124114737446451
0,0.3075
0,0.14
1,0.1425
0,0.0575
0,0.12
0,0.16204873930661864
1,0.3825
0,0.0325
0,0.0475
0,0.08
0,0.015
0,0.02
0,0.39
0,0.0925
0,0.1575
0,0.08
0,0.08454873930661864
0,0.2025
1,0.0125
0,0.0625
1,0.34
0,0.27
0,0.2525
1,0.1075
0,0.355
0,0.19454873930661865
1,0.045
0,0.1025
1,0.1125
0,0.125
0,0.07
0,0.0925
0,0.065
0,0.25637483043092746
0,0.05
0,0.27475198584543814
0,0.1225
0,0.31
0,0.205
1,0.056564480681734766
0,0.115
0,0.49
1,0.03
0,0.44
0,0.21704873930661864
0,0.0625
0,0.4875
0,0.1625
0,0.0825
0,0.43
0,0.08883431224001079
0,0.3475
0,0.1225
0,0.195
0,0.035
0,0.225
0,0.0325
0,0.04
1,0.0525
0,0.215
1,0.43
1,0.15
0,0.0475
0,0.27
0,0.38
0,0.0375
0,0.1625
0,0.46
0,0.2725
0,0.16
0,0.33
1,0.2225
0,0.1725
0,0.06
1,0.1425
0,0.025
1,0.185
0,0.1675
1,0.38659747861323723
0,0.305
1,0.3
0,0.1825
0,0.12454873930661865
0,0.2375
1,0.2575
0,0.2975
0,0.025
0,0.1325
0,0.145
0,0.0325
0,0.0575
0,0.1625
0,0.18923547808840915
0,0.2547519858454381
0,0.2375
0,0.0775
0,0.19
0,0.0875
0,0.1425
0,0.4342354780884092
0,0.04
1,0.0825
0,0.05
0,0.0825
0,0.3125
1,0.3995487393066186
0,0.01
0,0.31
0,0.18190140907425742
0,0.0725
0,0.02
0,0.3325
0,0.1075
0,0.2785362032404659
0,0.1525
0,0.3575
0,0.205
0,0.29
0,0.3825
1,0.2
0,0.0275
0,0.3124541174007344
0,0.15
1,0.3575
1,0.22704873930661862
0,0.3425
0,0.25
0,0.0375
0,0.0675
0,0.0825
0,0.0225
0,0.035
0,0.1925
0,0.19
0,0.0325
0,0.065
0,0.17204873930661865
0,0.07
0,0.1475
0,0.05
0,0.2125
0,0.015
0,0.0975
0,0.15954873930661864
0,0.0525
0,0.02
0,0.3
0,0.1
0,0.10889153883662164
1,0.20454873930661865
0,0.1075
0,0.125
0,0.2841122203128598
1,0.0575
0,0.7325
0,0.039751985845438126
0,0.085
0,0.44
0,0.1625
0,0.385
0,0.0475
0,0.075
0,0.175
0,0.43
0,0.005
0,0.09
1,0.2375
0,0.13204873930661865
0,0.24736952078424224
0,0.07
1,0.2525
0,0.12
1,0.1275
0,0.635
0,0.2475
0,0.04
1,0.25
0,0.36954873930661863
1,0.11
0,0.1225
1,0.1225
0,0.02
0,0.0175
0,0.1225
1,0.1825
0,0.2517354780884091
0,0.365
0,0.0425
0,0.2275
0,0.17
0,0.0925
0,0.065
0,0.3572519858454381
0,0.1125
0,0.0525
1,0.115
0,0.04
0,0.21
0,0.23454873930661863
0,0.42
0,0.1675
0,0.3193777418999442
0,0.1125
0,0.1275
0,0.19
1,0.3254728928106745
0,0.415
0,0.29
0,0.16225198584543812
0,0.245
0,0.0575
0,0.0475
1,0.125
0,0.2040281624800936
0,0.08
1,0.2975
1,0.1675
0,0.2975
0,0.1125
0,0.09
0,0.10954873930661865
1,0.16
0,0.0275
0,0.2075
0,0.2025
0,0.05
0,0.054751985845438125
0,0.1975
0,0.205
0,0.0125
0,0.0925
0,0.045
0,0.0275
0,0.1025
1,0.29087778390748903
0,0.19482900259332558
0,0.23187774189994426
0,0.1125
0,0.3767354780884091
0,0.1925
0,0.15
0,0.0475
1,0.115
1,0.1125
0,0.19
1,0.1175
0,0.5675
0,0.2675
0,0.2725
1,0.1225
0,0.0375
0,0.135
0,0.13454873930661865
0,0.37
0,0.11
1,0.195
1,0.015
0,0.275
0,0.0975
1,0.2075
0,0.585
0,0.18
0,0.3125
0,0.2325
0,0.3525
0,0.0725
0,0.19
0,0.5295487393066186
0,0.1
0,0.3325
1,0.3475
0,0.165
0,0.1625
0,0.055
0,0.2398290025933256
1,0.09454873930661865
0,0.22905271099749488
1,0.515799958770144
0,0.265
0,0.03
0,0.18475198584543812
0,0.2890974786132373
0,0.1075
1,0.185
0,0.0375
0,0.4275
0,0.1075
0,0.1125
0,0.26
0,0.205
0,0.485
0,0.06
0,0.04
0,0.16
1,0.24
0,0.34
0,0.0675
0,0.165
1,0.3275
0,0.215
0,0.22905271099749488
0,0.13
0,0.145
0,0.035
0,0.245
0,0.545
0,0.075
0,0.205
0,0.015
1,0.1225
0,0.35173547808840916
0,0.095
0,0.1975
1,0.0775
1,0.36
0,0.3325
0,0.305
0,0.0975
1,0.0475
0,0.51
0,0.0325
1,0.1875
0,0.205
1,0.42430072515205675
0,0.1325
0,0.0475
1,0.1025
0,0.0525
0,0.075
0,0.2175
0,0.0425
0,0.37794105460825406
0,0.2125
1,0.565
0,0.385
0,0.265
0,0.2522519858454381
0,0.045
0,0.13
0,0.0625
0,0.2025
0,0.275
0,0.2522519858454381
0,0.13
0,0.045
0,0.155
0,0.3575
0,0.1
0,0.1675
0,0.06423547808840917
0,0.585
0,0.055
0,0.08430072515205676
0,0.24
1,0.3
0,0.1775
0,0.1375
0,0.0325
0,0.07241147374464514
0,0.32406448068173477
0,0.045
0,0.3825
0,0.22
0,0.13
0,0.475
0,0.075
0,0.2675
0,0.0175
0,0.05454873930661864
0,0.01
0,0.1625
0,0.065
1,0.45
0,0.1125
0,0.045
0,0.2322519858454381
0,0.06
0,0.13
1,0.1
1,0.1025
0,0.085
0,0.3375
0,0.1325
0,0.3025
0,0.2290974786132373
0,0.0225
0,0.10204873930661865
0,0.2825
1,0.155
0,0.25954873930661865
1,0.3175
0,0.07
0,0.365
1,0.585
0,0.1875
1,0.215
0,0.13
0,0.115
0,0.16
0,0.16
0,0.0175
0,0.07
0,0.135
0,0.4325
0,0.1173290025933256
0,0.1575
1,0.1875
1,0.6025
0,0.2575
0,0.1525
0,0.405
0,0.05
1,0.205
1,0.02173547808840917
0,0.0225
0,0.1975
1,0.4375
0,0.5675
0,0.065
1,0.4425
0,0.1575
1,0.165
0,0.1075
0,0.2765053096466852
0,0.0225
1,0.29
0,0.13
0,0.055
0,0.27
0,0.075
0,0.0075
1,0.3075
0,0.2575
1,0.0825
0,0.035
0,0.015
0,0.085
0,0.0425
0,0.425
0,0.1023290025933256
0,0.105
0,0.02900530964668519
0,0.32475198584543813
1,0.14650530964668518
1,0.235
1,0.1075
0,0.0425
0,0.2975
0,0.245
0,0.12
1,0.23
0,0.06204873930661864
0,0.105
0,0.06347095617681835
0,0.0475
1,0.32
0,0.2925
1,0.1725
0,0.055
0,0.39
0,0.145
1,0.055
0,0.4845487393066186
0,0.12048480461783471
0,0.1175
0,0.015
0,0.4475
0,0.205
1,0.026487463933847294
1,0.28
0,0.0725
0,0.4095487393066186
0,0.4375
0,0.025
0,0.535
0,0.2422519858454381
0,0.375
0,0.0425
0,0.2922519858454381
0,0.035
0,0.055
0,0.1225
0,0.0525
0,0.6575
0,0.1875
0,0.23687914266245433
0,0.1875
0,0.3225
0,0.1625
1,0.1725
0,0.005
0,0.1375
1,0.31142788196907295
0,0.20923547808840914
0,0.055
0,0.0425
0,0.15051689573963492
1,0.055
1,0.0375
0,0.12
0,0.0625
1,0.0225
0,0.03
0,0.13
0,0.0873290025933256
0,0.0475
0,0.5975
1,0.1825
0,0.03
0,0.2075
0,0.0575
0,0.145
1,0.2825
0,0.1575
0,0.4325
0,0.085
0,0.225
0,0.0075
0,0.37
0,0.26736952078424225
0,0.11
0,0.05
0,0.1275
0,0.0325
0,0.06400530964668519
1,0.20673547808840914
0,0.04
0,0.27423547808840915
0,0.2475
0,0.1475
0,0.305
0,0.05
0,0.0725
0,0.4173290025933256
0,0.0925
0,0.0525
0,0.1925
0,0.0475
0,0.045
0,0.0725
0,0.045
0,0.1325
1,0.27
0,0.26
1,0.5418007251520567
1,0.0275
0,0.0275
1,0.315
1,0.6075
0,0.15097662127569159
0,0.245
0,0.02
0,0.28
0,0.3475
1,0.32
0,0.1375
0,0.1125
0,0.105
0,0.04
0,0.035
0,0.07975198584543812
0,0.2945487393066186
0,0.09704873930661866
0,0.1375
0,0.2768007251520568
0,0.125
0,0.055
0,0.3925
0,0.0875
0,0.065
0,0.1898290025933256
0,0.09
0,0.055
0,0.1325
0,0.0525
0,0.105
0,0.105
0,0.015
0,0.38
0,0.1225
0,0.2875
0,0.435
0,0.0425
0,0.3725
0,0.115
0,0.1825
0,0.0875
0,0.405
0,0.4975
0,0.0725
0,0.065
0,0.01
0,0.2825
1,0.5375
0,0.31
0,0.0125
1,0.215
0,0.033784217395027814
1,0.25
0,0.0275
0,0.2023290025933256
0,0.15
0,0.36
0,0.115
0,0.4625
0,0.2669791746215024
0,0.1725
1,0.1290053096466852
0,0.305
1,0.11
0,0.0875
0,0.065
1,0.3025
0,0.2
0,0.25204873930661864
0,0.15
0,0.1175
0,0.0475
0,0.18
0,0.0925
0,0.08
0,0.386146217919856
0,0.245
0,0.2
0,0.0575
0,0.1890974786132373
0,0.2925
0,0.1975
0,0.1125
0,0.04
0,0.065
0,0.5375
0,0.155
0,0.3975
0,0.61
0,0.14204873930661865
0,0.14454873930661863
0,0.11
1,0.11
0,0.12975198584543812
1,0.4175
0,0.13958098843876374
1,0.07
0,0.1075
1,0.06
0,0.08
1,0.2525
1,0.18
0,0.075
0,0.2575
1,0.1225
0,0.025
0,0.115
1,0.3525
1,0.3395487393066186
0,0.34
0,0.705
0,0.115
0,0.14
0,0.1675
0,0.25204873930661864
0,0.0175
0,0.3545487393066186
0,0.105
0,0.365
0,0.22204873930661864
0,0.16
0,0.0575
1,0.1998290025933256
0,0.0475
0,0.1525
0,0.20454873930661863
0,0.195
0,0.04
1,0.10159747861323729
0,0.195
0,0.17
0,0.5125
1,0.47673547808840916
0,0.01
0,0.1825
0,0.0075
0,0.2675
0,0.06704873930661864
0,0.105
0,0.3325
1,0.11
1,0.01
0,0.1025
1,0.145
0,0.05725198584543812
0,0.1325
0,0.055
0,0.0625
0,0.125
0,0.2475
0,0.0225
0,0.0375
0,0.0825
0,0.19490351341197923
0,0.08
0,0.605
0,0.2525
0,0.0275
0,0.085
0,0.0525
0,0.03
0,0.175
0,0.375
0,0.255
0,0.1775
0,0.3775
0,0.01
0,0.2225
0,0.13
0,0.1125
0,0.19
0,0.10430072515205677
0,0.015
0,0.24
0,0.015
0,0.105
1,0.225
0,0.4169139195594647
1,0.23954873930661866
1,0.17
1,0.2773290025933256
1,0.15
0,0.0775
0,0.15
0,0.12
0,0.165
1,0.0975
0,0.25262609398670866
0,0.025
1,0.045
0,0.2925
1,0.0275
0,0.12
0,0.2325
1,0.23
0,0.12
0,0.4025
0,0.0525
0,0.146417899248731
1,0.54
0,0.1125
1,0.06
0,0.19680072515205674
0,0.4545487393066186
0,0.08
0,0.1575
0,0.365
0,0.1925
0,0.375
0,0.1625
0,0.1425
0,0.095
0,0.02
0,0.2075
0,0.15423547808840918
0,0.1675
1,0.16
0,0.405
0,0.5175
0,0.1875
0,0.0475
0,0.4125
1,0.245
0,0.105
0,0.1825
0,0.4425
0,0.0775
0,0.1675
0,0.0375
0,0.11
1,0.14
0,0.1175
0,0.155
0,0.0225
0,0.11
0,0.1475
0,0.2766122203128598
0,0.015
1,0.19225198584543812
1,0.455
0,0.28
0,0.0625
0,0.1175
0,0.11954873930661865
0,0.2425
0,0.26204873930661865
0,0.155
0,0.16954873930661862
0,0.16
0,0.1075
0,0.06
1,0.6475
0,0.06
0,0.026505309646685193
0,0.03
0,0.2475
0,0.1725
0,0.09
0,0.2025
0,0.1475
0,0.1525
1,0.2375
0,0.6025
0,0.0625
0,0.08
0,0.2875
0,0.0325
1,0.27
0,0.3025
0,0.17236952078424225
1,0.34
0,0.35
0,0.19
0,0.17
0,0.3125
0,0.1675
0,0.095
0,0.1075
0,0.31117846705200103
0,0.0575
0,0.2287842173950278
1,0.12
0,0.0525
0,0.115
0,0.305
0,0.235
0,0.025
0,0.15983826634833162
0,0.075
0,0.1975
0,0.255
0,0.16
0,0.052329002593325596
0,0.24
0,0.165
0,0.34
0,0.0375
0,0.055
1,0.1375
0,0.2525
0,0.2395487393066186
0,0.40172863902077205
0,0.41708098843876373
0,0.235
0,0.13
0,0.105
1,0.4675
1,0.3675
0,0.16704873930661862
0,0.1725
0,0.085
0,0.2
0,0.09
0,0.3375
0,0.13
0,0.1925
0,0.1625
0,0.28
0,0.225
1,0.3448290025933256
1,0.045
0,0.264508902307479
1,0.2775
0,0.22
0,0.1175
0,0.21
0,0.055
0,0.2875
0,0.36494226458922374
0,0.1575
1,0.0125
0,0.26954873930661866
0,0.34
0,0.24
0,0.465
0,0.1425
1,0.6125
1,0.3775
0,0.0475
0,0.37
0,0.135
1,0.21
0,0.3175
0,0.15
0,0.0825
0,0.205
0,0.07964174780126282
0,0.085
0,0.0125
1,0.0725
0,0.2375
0,0.1025
0,0.48
0,0.34
0,0.0575
0,0.1375
1,0.15
1,0.2
0,0.01
0,0.2943791426624543
0,0.21
0,0.1775
0,0.2725
0,0.2675
0,0.04
0,0.61
0,0.22
1,0.5875
0,0.225
0,0.0525
0,0.18
1,0.0225
1,0.6268777418999442
0,0.09855404895330384
1,0.3923290025933256
0,0.23423547808840917
1,0.2770487393066186
0,0.075
0,0.0875
0,0.1675
0,0.20954873930661866
0,0.0575
0,0.2025
1,0.0425
1,0.4925
0,0.2023290025933256
0,0.295
0,0.13
0,0.065
1,0.1275
0,0.2
0,0.215
0,0.05
1,0.285
0,0.155
0,0.11486524784133634
1,0.1725
0,0.0225
0,0.125
0,0.235
0,0.1375
0,0.4675
0,0.415
0,0.0825
0,0.0775
0,0.25855404895330386
0,0.285
0,0.13
0,0.025
0,0.0575
0,0.2825
0,0.185
1,0.375
0,0.23
0,0.12954873930661864
1,0.1625
0,0.13704873930661862
0,0.4825
0,0.0625
1,0.1475
0,0.11180072515205676
0,0.145
0,0.13673547808840916
0,0.4925
0,0.1175
0,0.055
0,0.0975
0,0.065
0,0.0325
1,0.0425
1,0.335
0,0.3325
1,0.24
1,0.0675
0,0.055
1,0.245
1,0.095
1,0.3375
1,0.27
0,0.1
1,0.39
0,0.12
0,0.1325
0,0.175
1,0.46338203394046756
0,0.0225
0,0.0575
0,0.26
1,0.0025
0,0.2
0,0.15954873930661864
1,0.42173547808840917
0,0.26
0,0.405
0,0.5625
0,0.0175
0,0.0425
1,0.2120487393066186
0,0.14
0,0.2290053096466852
1,0.1125
0,0.19
1,0.22
0,0.10954873930661865
0,0.09
0,0.03
1,0.3175
0,0.25
0,0.2405849425470846
1,0.41
0,0.0425
0,0.3223290025933256
0,0.03475198584543812
0,0.1075
1,0.5530644110085334
1,0.49
0,0.38
1,0.0175
0,0.3225
0,0.1375
0,0.024751985845438123
0,0.27
0,0.24348598932120655
0,0.025
1,0.165
0,0.1675
0,0.21236952078424223
0,0.2075
0,0.1925
0,0.16
0,0.42
0,0.1845487393066186
0,0.4175
0,0.04
0,0.1275
0,0.035
0,0.27673547808840915
0,0.05
0,0.1575
0,0.265
0,0.14
1,0.1825
0,0.165
0,0.18204873930661866
0,0.3025
0,0.0325
0,0.065
0,0.4693777418999443
1,0.3275
0,0.0675
1,0.11498517823888502
0,0.7925
0,0.2925
0,0.1025
1,0.4220487393066186
0,0.185
0,0.015
0,0.0875
0,0.155
0,0.175
1,0.5375
0,0.345
1,0.095
0,0.0625
0,0.0975
0,0.31
0,0.0675
0,0.035
0,0.0175
1,0.215
0,0.0175
1,0.15
1,0.055
0,0.1225
0,0.125
1,0.28
0,0.1925
1,0.295
0,0.03
0,0.045
1,0.30656448068173475
0,0.315
1,0.07673547808840916
1,0.19464555999575628
0,0.0175
1,0.4690053096466852
1,0.0925
0,0.03
1,0.3693007251520568
1,0.295
0,0.1575
0,0.2725
0,0.1775
0,0.085
0,0.105
0,0.08
0,0.14
1,0.08204873930661866
0,0.065
0,0.015
0,0.145
0,0.135
0,0.0975
0,0.105
0,0.3375
1,0.2125
1,0.1725
0,0.26
1,0.0125
0,0.2075
0,0.05
0,0.055
1,0.17204873930661865
1,0.065
0,0.1275
0,0.1125
0,0.0375
0,0.22
1,0.08
0,0.1025
0,0.205
1,0.2325
1,0.2125
0,0.21398806261189443
0,0.44
0,0.2325
1,0.39
1,0.02
0,0.12
0,0.4825
0,0.1
0,0.15
0,0.07423547808840918
0,0.0675
0,0.0875
0,0.06450397169087624
0,0.17
0,0.65
0,0.3375
0,0.16
0,0.32
0,0.145
0,0.245
0,0.2075
0,0.11392788196907297
0,0.59
0,0.0225
1,0.3820487393066186
0,0.185
0,0.175
0,0.1575
1,0.1675
0,0.0425
0,0.065
1,0.0875
0,0.28
0,0.095
0,0.0075
0,0.1925
0,0.0875
0,0.0275
0,0.2375
1,0.38622833949135216
0,0.26204873930661865
0,0.2425
0,0.065
0,0.08
0,0.0725
1,0.23790536318257824
0,0.5220487393066187
0,0.2675
0,0.0575
0,0.28
0,0.2075
0,0.0425
0,0.4625
0,0.3590053096466852
0,0.0675
0,0.25954873930661865
0,0.0725
0,0.0175
0,0.1770487393066186
0,0.0875
0,0.1625
0,0.1925
0,0.1075
0,0.4425
0,0.0375
1,0.0175
0,0.03
0,0.2725
1,0.2575
0,0.0375
1,0.0325
0,0.1575
0,0.17
0,0.04
0,0.105
0,0.04
0,0.04
0,0.19725198584543813
0,0.0825
0,0.425
1,0.005
0,0.4225
1,0.12
0,0.1075
0,0.03
0,0.165
0,0.0725
0,0.095
0,0.0375
0,0.095
0,0.5025
0,0.2675
0,0.23
0,0.3975
0,0.1025
0,0.1325
1,0.1575
1,0.285
0,0.17
0,0.165
0,0.25
0,0.315
1,0.295
0,0.1975
0,0.2
0,0.055
0,0.135
0,0.04
0,0.3472519858454381
0,0.2
0,0.2325
0,0.0275
0,0.2325
0,0.155
0,0.19704873930661862
0,0.3075
0,0.44
0,0.115
0,0.0675
0,0.0125
0,0.0775
0,0.2975
0,0.2225
0,0.5325
0,0.445
0,0.0890053096466852
1,0.3075
0,0.215
0,0.045
1,0.11
0,0.085
0,0.045
0,0.205
0,0.0575
0,0.465
1,0.055
0,0.18
0,0.17
0,0.355
1,0.1225
0,0.4875
0,0.09954873930661864
0,0.045
0,0.045
0,0.17673547808840914
0,0.0975
0,0.055
0,0.5112572954921233
0,0.14861462075086349
1,0.5489264812065628
0,0.0175
0,0.09409747861323728
0,0.2475
0,0.2375
0,0.2525
0,0.3275
0,0.1775
0,0.4825
0,0.2375
0,0.3875
0,0.1875
0,0.3775
0,0.31
0,0.2696290033710143
0,0.045
0,0.22704873930661865
0,0.12
1,0.025
0,0.1
0,0.24
1,0.17
0,0.0775
0,0.11
0,0.2775
0,0.2575
1,0.0825
0,0.0425
1,0.19475198584543812
0,0.055
0,0.44
0,0.11
0,0.1975
0,0.05
0,0.2925
0,0.25
1,0.33
0,0.105
0,0.21
0,0.1025
1,0.1375
0,0.0325
0,0.0225
0,0.4170487393066186
0,0.43079427278296223
0,0.035
0,0.1875
0,0.1875
0,0.115
0,0.3717354780884092
0,0.16
0,0.3125
0,0.0725
0,0.0525
0,0.6275
1,0.0175
0,0.3875
1,0.1025
0,0.045
0,0.18400530964668518
0,0.13
0,0.1725
0,0.0175
1,0.0675
0,0.1425
0,0.085
0,0.1475
0,0.1925
0,0.295
0,0.14204873930661865
1,0.2075
0,0.205
0,0.03
0,0.09
0,0.255
0,0.3375
1,0.055
0,0.1290053096466852
1,0.2975
0,0.3125
0,0.025
1,0.2125
1,0.1725
1,0.2625
0,0.43954873930661864
0,0.045
0,0.29693188555959155
0,0.4225
0,0.07
0,0.21
0,0.045
0,0.485
0,0.095
0,0.11430072515205676
1,0.39
0,0.32
0,0.16
0,0.0275
0,0.3825
0,0.11
0,0.0775
0,0.19454873930661862
1,0.3025
1,0.0575
0,0.2425
0,0.4175
0,0.22
0,0.1125
1,0.5375
1,0.3925
0,0.045
1,0.1575
0,0.1725
0,0.2725
1,0.17
0,0.075
0,0.165
0,0.16391537780256257
0,0.3187842173950278
0,0.16704873930661862
0,0.0475
1,0.13
0,0.31
0,0.0375
0,0.01
0,0.5375
0,0.11
0,0.1575
1,0.2322519858454381
1,0.2075
0,0.24
0,0.0675
0,0.0975
0,0.115
0,0.045
0,0.1125
1,0.31
0,0.065
1,0.5725
0,0.145
0,0.095
0,0.03
0,0.015
0,0.395
0,0.4775
1,0.215
0,0.135
0,0.13704873930661865
0,0.0825
0,0.1325
0,0.3968007251520567
0,0.1825
0,0.19
0,0.0775
0,0.1475
0,0.17
0,0.2125
1,0.04
0,0.1675
0,0.05
1,0.10605404895330384
0,0.07
0,0.5775
0,0.22
0,0.3175
1,0.1625
1,0.105
0,0.185
0,0.04
0,0.0525
0,0.10173547808840917
0,0.1175
0,0.2825
0,0.0275
1,0.0425
0,0.2225
0,0.2125
0,0.4125
1,0.2325
1,0.245
0,0.2825
0,0.2618791426624543
0,0.02
1,0.425
0,0.045
0,0.13454873930661862
0,0.18
0,0.18475198584543812
0,0.365
1,0.0275
0,0.4375
0,0.11
1,0.0575
0,0.11954873930661863
0,0.6275
0,0.2
0,0.0225
1,0.1
0,0.22597095617681834
1,0.0225
1,0.22
0,0.3748290025933256
0,0.2475
0,0.3325
0,0.2
1,0.4025
1,0.145
1,0.465
1,0.0325
0,0.075
0,0.075
0,0.0775
0,0.3525
0,0.13704873930661862
0,0.1425
0,0.1525
0,0.0775
0,0.24
1,0.3075
0,0.295
0,0.125
1,0.2
0,0.135
1,0.2825
0,0.125
0,0.1525
0,0.065
0,0.275
1,0.40656448068173473
0,0.2575
0,0.025
0,0.09954873930661864
0,0.0325
0,0.25
1,0.325
0,0.0975
0,0.2875
0,0.23204873930661865
0,0.145
0,0.1575
1,0.2725
0,0.40673547808840915
0,0.2575
0,0.195
0,0.185
0,0.035
0,0.2275
0,0.24423547808840915
0,0.11704873930661865
0,0.51
0,0.07
0,0.4725
0,0.0625
1,0.25923547808840913
0,0.23
0,0.1375
0,0.2975
0,0.2625
0,0.3525
0,0.0325
0,0.09704873930661866
0,0.355
1,0.3375
1,0.5475
1,0.3973290025933256
0,0.035
0,0.3217543809116831
0,0.2825
0,0.04
1,0.0825
0,0.1525
0,0.015
1,0.2875
1,0.4375
0,0.3075
0,0.02
0,0.1275
0,0.205
0,0.1275
0,0.0675
0,0.0075
0,0.25
0,0.2225
1,0.205
1,0.3275
0,0.26173547808840913
0,0.3825
0,0.04
1,0.1525
1,0.165
0,0.14204873930661863
0,0.185
0,0.4275
1,0.225
1,0.2525
0,0.5623290025933256
0,0.19923547808840916
0,0.15
0,0.5875
0,0.2375
1,0.2225
0,0.0175
0,0.2175
0,0.08
0,0.6743777418999443
0,0.3525
0,0.06
0,0.4429469430719126
0,0.355
0,0.025
0,0.11
1,0.065
0,0.0375
0,0.21
0,0.18
0,0.3
0,0.17
0,0.12
1,0.2875
0,0.2725
0,0.2525
0,0.2125
0,0.5375
0,0.165
0,0.0025
1,0.255
0,0.08
0,0.2225
0,0.4875
0,0.3275
0,0.25
1,0.1975
0,0.2547519858454381
0,0.1925
1,0.03
0,0.045
0,0.4775
0,0.37
1,0.08406448068173476
0,0.195
0,0.3375
0,0.185
0,0.12
0,0.02628421739502781
0,0.29173547808840916
0,0.047251985845438126
0,0.1175
0,0.2325
0,0.3575
1,0.31673547808840913
1,0.29
0,0.39
0,0.075
0,0.2775
1,0.06
0,0.02
0,0.055
1,0.145
0,0.0225
0,0.285
0,0.215
0,0.11097095617681835
1,0.205
1,0.1475
1,0.6325
1,0.2475
1,0.2325
0,0.2575
0,0.2120487393066186
0,0.355
0,0.2425
0,0.03
1,0.0775
0,0.255
1,0.0975
0,0.21
1,0.6175
0,0.6975
0,0.12
0,0.2
0,0.0325
0,0.145
0,0.0975
0,0.055
0,0.0475
0,0.1987842173950278
0,0.2425
0,0.2725
0,0.1675
0,0.0675
0,0.0625
0,0.28704873930661867
0,0.0775
0,0.1977626051388085
0,0.16
0,0.39
0,0.13204873930661865
0,0.175
0,0.3747519858454381
0,0.0925
0,0.0325
1,0.3
0,0.2925
1,0.2775
0,0.445
1,0.3615974786132373
0,0.1875
0,0.2325
0,0.09
0,0.645
0,0.25
1,0.2275
0,0.095
0,0.1475
0,0.1075
0,0.2175
0,0.2775
1,0.0775
0,0.09204873930661865
0,0.0225
1,0.0775
0,0.1625
0,0.1825
0,0.035
0,0.055
1,0.4675
0,0.0725
0,0.1925
0,0.0925
0,0.04
0,0.1875
1,0.3075
0,0.08454873930661864
0,0.0875
0,0.155
1,0.2125
0,0.15
0,0.065
0,0.2325
0,0.15
0,0.1575
0,0.0175
1,0.3772519858454381
0,0.3497519858454381
0,0.2325
0,0.5475
0,0.12
0,0.1820487393066186
1,0.26
1,0.5048290025933256
1,0.5525
0,0.21
0,0.2075
1,0.275
1,0.03
0,0.2445487393066186
0,0.2145487393066186
0,0.2125
0,0.08
1,0.1925
1,0.155
0,0.0225
0,0.2275
0,0.19
0,0.26
0,0.065
0,0.29
0,0.12
0,0.0725
0,0.1065053096466852
0,0.045
1,0.1075
0,0.0075
0,0.0925
1,0.2725
1,0.19382904460087041
0,0.025
0,0.125
0,0.1525
0,0.055
0,0.085
0,0.12
0,0.255
0,0.13204873930661865
0,0.18
0,0.055
0,0.0575
0,0.115
0,0.0375
0,0.255
0,0.105
1,0.1525
1,0.05
0,0.255
0,0.0875
0,0.135
0,0.0875
0,0.28
0,0.0625
1,0.27
0,0.215
1,0.3622625145587308
0,0.02
0,0.135
0,0.0625
0,0.095
0,0.02
0,0.1425
0,0.0575
0,0.0675
0,0.2898695207842422
0,0.0775
1,0.6425
0,0.105
0,0.21409747861323727
0,0.08
0,0.0775
0,0.155
0,0.4425
1,0.5123142025301636
0,0.205
0,0.1025
0,0.1955239598198002
0,0.28
0,0.05
0,0.1825
0,0.4292354780884092
0,0.0475
1,0.335
1,0.2725
0,0.1825
0,0.2075
0,0.2225
0,0.1775
1,0.32
1,0.1575
0,0.045
0,0.22
1,0.44937914266245427
0,0.18454873930661864
0,0.2425
1,0.1425
1,0.6025
1,0.22
0,0.195
0,0.3375
0,0.025
0,0.0625
0,0.41
0,0.045
0,0.345
0,0.165
0,0.19
0,0.145
0,0.25923547808840913
1,0.035
0,0.0925
0,0.165
0,0.0775
0,0.02
0,0.15
0,0.105
0,0.1125
1,0.2275
0,0.08680072515205677
0,0.7075
0,0.26173547808840913
0,0.425
0,0.3575
0,0.478398203765294
1,0.085
0,0.17
0,0.0175
0,0.09134946445867541
1,0.245
0,0.18
0,0.3
0,0.04954873930661864
0,0.0275
1,0.2725
0,0.2040281624800936
0,0.3975
0,0.3475
0,0.0125
0,0.3075
0,0.055
1,0.0625
1,0.1075
0,0.2275
1,0.105
0,0.1325
0,0.0925
0,0.205
0,0.1725
0,0.085
0,0.07659747861323728
0,0.5325
1,0.3475
0,0.1825
1,0.1375
0,0.03
0,0.155
1,0.225
0,0.025
0,0.0675
1,0.145
0,0.2575
1,0.0175
1,0.08673547808840917
1,0.14
0,0.055
0,0.4448290025933256
1,0.26241147374464513
1,0.47
0,0.3275
0,0.0375
0,0.10173547808840917
0,0.02
1,0.5138494644586754
0,0.29680072515205674
0,0.12
0,0.0375
1,0.2825
0,0.5575
0,0.2575
0,0.02
0,0.0575
0,0.0525
0,0.055
0,0.175
0,0.14
1,0.1275
0,0.34
1,0.29
0,0.0175
0,0.1725
0,0.195
0,0.1725
0,0.12
1,0.085
0,0.1525
1,0.3675
0,0.39
0,0.145
0,0.2525
0,0.2275
0,0.1772519858454381
0,0.355
0,0.455
1,0.4010540489533038
1,0.3870487393066186
0,0.4075
0,0.0225
0,0.1125
0,0.135
0,0.285
0,0.345
0,0.05
0,0.07
0,0.0725
0,0.6075
0,0.175
0,0.32
1,0.5437572954921233
0,0.035
1,0.1075
0,0.01
1,0.24
0,0.0875
0,0.205
1,0.0475
1,0.095
1,0.44
0,0.3325
0,0.085
0,0.37204873930661864
0,0.06
0,0.3163654314770952
0,0.415
0,0.0775
1,0.08204873930661866
0,0.0575
0,0.135
0,0.1
0,0.38
0,0.06
0,0.22704873930661865
0,0.055
1,0.0775
0,0.11954873930661865
1,0.2625
1,0.3973290025933256
0,0.4125
0,0.055
1,0.4525
1,0.2325
0,0.025
0,0.145
0,0.3425
0,0.1025
0,0.0825
0,0.13
0,0.3465974786132373
0,0.1675
0,0.055
0,0.1225
0,0.025
0,0.4
0,0.1475
0,0.485
0,0.2275
1,0.23923547808840914
0,0.09
0,0.0425
0,0.21
0,0.28
1,0.0275
0,0.0325
1,0.5535540489533038
0,0.1325
0,0.405
0,0.5943833399966343
0,0.35
0,0.2225
0,0.11204873930661866
1,0.41
0,0.0775
0,0.22919816253543795
0,0.2921944766235486
0,0.19
1,0.23
0,0.23704873930661866
0,0.2275
0,0.23
0,0.1
1,0.46853620324046596
0,0.505
0,0.0025
0,0.505
0,0.38
0,0.02
0,0.0725
0,0.265
0,0.1075
1,0.03204873930661864
0,0.1975
0,0.63
0,0.3125
0,0.0425
0,0.1775
0,0.0475
0,0.20423547808840914
0,0.2275
0,0.3620487393066186
1,0.5475
0,0.03
0,0.0848290025933256
0,0.165
1,0.32878421739502783
0,0.04
1,0.25148746393384724
0,0.0825
0,0.19
0,0.525
1,0.2025
0,0.235
0,0.37
0,0.2175
0,0.32
0,0.353046506310455
0,0.0425
0,0.095
0,0.3125
0,0.085
0,0.5542354780884091
0,0.1975
0,0.1875
0,0.085
1,0.1675
1,0.125
0,0.19
0,0.245
0,0.165
0,0.28
0,0.265
0,0.2825
1,0.13
0,0.2575
0,0.1425
0,0.0525
0,0.1975
0,0.1175
0,0.3625
1,0.026505309646685193
0,0.2775
0,0.085
0,0.01
0,0.0425
0,0.3025
0,0.15
0,0.0225
0,0.04
1,0.10204873930661865
0,0.0125
0,0.1225
1,0.155
0,0.3697519858454381
0,0.22413112850789244
0,0.1775
0,0.0375
0,0.0675
0,0.1575
0,0.06
0,0.15
0,0.1525
0,0.135
0,0.18378421739502784
1,0.23
0,0.2075
0,0.06
0,0.0575
0,0.195
0,0.3025
0,0.0575
0,0.2875
1,0.3220487393066186
0,0.28
0,0.24
0,0.105
0,0.23
0,0.3475
0,0.06954873930661865
0,0.12687914266245431
0,0.3188494644586754
1,0.3047519858454381
1,0.295
0,0.3275
0,0.0825
0,0.3925
0,0.185
1,0.095
0,0.0825
0,0.2375
1,0.3
0,0.05
0,0.0375
0,0.065
0,0.1425
0,0.375
0,0.2825
0,0.04
0,0.5047519858454381
0,0.0675
0,0.0875
0,0.07
1,0.05
0,0.0325
0,0.0925
0,0.05687774189994424
0,0.1123290025933256
0,0.215
0,0.1225
0,0.1525
0,0.1895487393066186
0,0.0175
0,0.235
0,0.18
0,0.0575
0,0.32
0,0.4322519858454381
0,0.28
0,0.35
1,0.04
1,0.095
0,0.28
0,0.0225
0,0.3425
0,0.1075
0,0.07454873930661864
0,0.1075
0,0.165
0,0.015
0,0.155
0,0.2725
0,0.3348290025933256
0,0.0525
1,0.0475
0,0.275
0,0.1575
0,0.20401539544452366
0,0.0775
0,0.33
0,0.0825
0,0.045
0,0.09
0,0.17
0,0.235
0,0.0425
0,0.2575
1,0.17633431224001078
1,0.26
0,0.2625
1,0.0575
0,0.5675
0,0.1175
0,0.3395487393066186
0,0.125
0,0.065
0,0.2875
0,0.3625
0,0.26
0,0.0925
1,0.19378421739502782
0,0.11
0,0.0175
0,0.095
1,0.37082698776581274
0,0.0525
0,0.5225
0,0.03
0,0.155
1,0.415
0,0.155
0,0.12704873930661864
0,0.1425
0,0.0725
0,0.23677658004583552
1,0.23962150662968035
0,0.135
0,0.0575
1,0.34
1,0.1425
0,0.09
0,0.06
0,0.3125
0,0.17
0,0.295
0,0.075
0,0.2525
0,0.27707240648093184
0,0.215
0,0.19954873930661862
0,0.075
1,0.20659747861323727
0,0.125
0,0.2475
1,0.1825
0,0.0325
0,0.1925
1,0.015
1,0.125
0,0.335
0,0.075
1,0.38150530964668516
0,0.04
0,0.2575
0,0.23
0,0.2075
0,0.1675
0,0.0775
0,0.075
0,0.285
0,0.0675
0,0.1125
0,0.0575
1,0.57
0,0.165
0,0.16
0,0.34
0,0.1775
1,0.29
1,0.24785009883927261
0,0.295
0,0.155
0,0.027048739306618642
0,0.385
0,0.275
0,0.08884946445867542
0,0.2225
1,0.2675
1,0.245
0,0.0275
0,0.115
0,0.17526325480370641
0,0.2675
0,0.17
0,0.01
0,0.3275
0,0.1
0,0.165
0,0.2025
1,0.1425
0,0.06
1,0.4425
0,0.1625
0,0.09204873930661865
1,0.4820487393066186
0,0.065
0,0.3270487393066186
0,0.035
0,0.17454873930661866
1,0.1425
1,0.1475
0,0.365
0,0.12
1,0.4075
0,0.165
1,0.1875
1,0.305
1,0.2
0,0.1718007251520568
0,0.32
0,0.305
0,0.0375
1,0.1975
0,0.0175
0,0.1225
0,0.105
0,0.2836362089146174
0,0.0425
0,0.0325
0,0.16
0,0.0525
0,0.035
0,0.2875
0,0.20673547808840914
0,0.1425
0,0.2625
0,0.3425
0,0.78
0,0.2375
1,0.165
1,0.325
0,0.1625
0,0.1
0,0.6075
1,0.0625
1,0.1575
1,0.3520487393066186
0,0.075
1,0.13
0,0.125
0,0.2375
0,0.0675
0,0.0525
0,0.3072519858454381
0,0.1175
1,0.4975
0,0.0725
1,0.1565053096466852
0,0.4825
0,0.015
0,0.285
0,0.4625
0,0.1325
0,0.275
0,0.39
0,0.2675
0,0.07
0,0.1575
1,0.4275
0,0.5275
0,0.145
0,0.1048290025933256
1,0.195
0,0.0625
0,0.05
0,0.09
0,0.13704873930661862
1,0.2097519858454381
0,0.26204873930661865
0,0.025
0,0.0175
0,0.0275
0,0.02
0,0.12
1,0.08454873930661864
0,0.03
0,0.04
1,0.34673547808840915
0,0.2725
0,0.3175
0,0.385
0,0.275
0,0.26975198584543814
0,0.0675
0,0.2225
1,0.43
0,0.2075
1,0.1275
0,0.28
0,0.20339820376529402
0,0.4125
0,0.1075
0,0.36
0,0.18490170171974438
0,0.17
0,0.16
1,0.225
1,0.065
1,0.0725
1,0.2470487393066186
0,0.515
1,0.04
0,0.045
0,0.11704873930661863
0,0.055
0,0.1575
0,0.0425
0,0.225
0,0.2145487393066186
0,0.2975
0,0.1675
1,0.095
0,0.1925
0,0.1975
0,0.305
0,0.415
0,0.2670487393066186
0,0.1225
0,0.41
0,0.025
0,0.04
0,0.17301537786196833
0,0.15204873930661864
1,0.2175
0,0.115
0,0.3021798997141534
1,0.275
0,0.095
0,0.1375
0,0.1975
1,0.2375
0,0.3725
0,0.5275
0,0.06
0,0.42
0,0.01
1,0.16173547808840916
1,0.0825
0,0.2725
0,0.1025
0,0.25
0,0.0725
0,0.07
0,0.0475
0,0.0175
0,0.305
0,0.31
1,0.08225198584543811
0,0.105
0,0.2825
0,0.1975
0,0.2425
0,0.1125
0,0.175
1,0.06127737832739068
0,0.18
0,0.1525
0,0.595
0,0.02
0,0.3290053096466852
0,0.1625
0,0.21
0,0.07
0,0.055
0,0.2125
0,0.2875
0,0.425
0,0.2
1,0.25
0,0.30482900259332557
0,0.0975
0,0.07
1,0.17
0,0.0525
1,0.06454873930661864
0,0.27
0,0.335
0,0.055
0,0.11
1,0.3175
0,0.28
0,0.0825
0,0.11
0,0.4088290446008704
0,0.2725
1,0.16
0,0.305
1,0.1325
0,0.035
0,0.0175
0,0.11923547808840917
1,0.0325
0,0.2
1,0.1625
0,0.27
0,0.2315053096466852
0,0.1075
0,0.085
0,0.06605404895330383
1,0.18
0,0.335
0,0.2725
0,0.4175
0,0.26725198584543813
1,0.0325
0,0.24
0,0.7475
0,0.23
0,0.12704873930661864
1,0.0725
0,0.0125
0,0.08
0,0.185
0,0.02
1,0.1775
0,0.125
0,0.3225
0,0.0175
0,0.1775
0,0.24954873930661864
1,0.195
0,0.23
1,0.585
0,0.245
0,0.2425
0,0.1125
0,0.6625
0,0.14954873930661863
0,0.3025
0,0.11159747861323728
0,0.1675
1,0.035
0,0.21061719167922965
0,0.0375
0,0.31
0,0.43
0,0.2625
0,0.045
0,0.125
0,0.1225
0,0.2
0,0.4425
0,0.035
0,0.19360145030411352
0,0.025
0,0.0825
0,0.04
0,0.05
0,0.075
1,0.4598290025933256
0,0.0975
0,0.1325
0,0.315
